propriétaire,registration,icao24,departure_date_only_utc,departure_date_utc,arrival_date_utc,flight_duration_min,flight_duration_str,airport_departure,airport_arrival,airport_dep_icao,airport_arr_icao,latitude_dep,longitude_dep,latitude_arr,longitude_arr,co2_emission_tonnes,path_csv,routes
Escadron de transport 60,F-RAFQ,3b77e4,2022-08-17,2022-08-17 15:36:45.185000+00:00,2022-08-17 16:02:07.536000+00:00,25.37,25min,Châlons-Vatry Airport,Villacoublay-Velizy (BA 107) Air Base,LFOK,LFPV,48.773666,4.203327,48.774595,2.216492,1.5,output/F-RAFQ/2022-08-17/leg_4/F-RAFQ_baro_2022-08-17_leg_4.csv,Châlons-Vatry Airport - Villacoublay-Velizy (BA 107) Air Base
Escadron de transport 60,F-RAFQ,3b77e4,2022-08-17,2022-08-17 14:04:43.725000+00:00,2022-08-17 15:13:22.846000+00:00,68.65,1h09min,Poitiers-Biard Airport,Châlons-Vatry Airport,LFBI,LFOK,46.594274,0.312698,48.776596,4.181213,4.1,output/F-RAFQ/2022-08-17/leg_3/F-RAFQ_baro_2022-08-17_leg_3.csv,Poitiers-Biard Airport - Châlons-Vatry Airport
Escadron de transport 60,F-RAFQ,3b77e4,2022-08-17,2022-08-17 13:06:53.985000+00:00,2022-08-17 13:39:47.536000+00:00,32.88,33min,Clermont-Ferrand Auvergne Airport,Poitiers-Biard Airport,LFLC,LFBI,45.78771,3.18013,46.58931,0.308421,2.0,output/F-RAFQ/2022-08-17/leg_2/F-RAFQ_baro_2022-08-17_leg_2.csv,Clermont-Ferrand Auvergne Airport - Poitiers-Biard Airport
Escadron de transport 60,F-RAFQ,3b77e4,2022-08-17,2022-08-17 11:32:02.356000+00:00,2022-08-17 12:33:15.646000+00:00,61.22,1h01min,Villacoublay-Velizy (BA 107) Air Base,Clermont-Ferrand Auvergne Airport,LFPV,LFLC,48.774216,2.194237,45.786221,3.165367,3.7,output/F-RAFQ/2022-08-17/leg_1/F-RAFQ_baro_2022-08-17_leg_1.csv,Villacoublay-Velizy (BA 107) Air Base - Clermont-Ferrand Auvergne Airport
Escadron de transport 60,F-RAFC,3b76a5,2022-08-17,2022-08-17 10:13:21.467000+00:00,2022-08-17 17:49:46.257000+00:00,456.4,7h36min,Port Bouet Airport,Villacoublay-Velizy (BA 107) Air Base,DIAP,LFPV,5.268875,-3.922735,48.77449,2.209238,22.2,output/F-RAFC/2022-08-17/leg_2/F-RAFC_baro_2022-08-17_leg_2.csv,Port Bouet Airport - Villacoublay-Velizy (BA 107) Air Base
Escadron de transport 60,F-RAFC,3b76a5,2022-08-17,2022-08-17 08:02:29.427000+00:00,2022-08-17 09:22:21.037000+00:00,79.85,1h20min,A/C in cruise,Port Bouet Airport,A/C in cruise,DIAP,1.963463,5.333519,5.264081,-3.924724,3.9,output/F-RAFC/2022-08-17/leg_1/F-RAFC_baro_2022-08-17_leg_1.csv,A/C in cruise - Port Bouet Airport
Escadron de transport 60,F-RAFB,3b76b3,2022-08-16,2022-08-16 12:55:14.274000+00:00,2022-08-16 13:52:34.484000+00:00,57.33,57min,Grenoble-Isère Airport,Villacoublay-Velizy (BA 107) Air Base,LFLS,LFPV,45.400681,5.354527,48.77449,2.208463,3.6,output/F-RAFB/2022-08-16/leg_2/F-RAFB_baro_2022-08-16_leg_2.csv,Grenoble-Isère Airport - Villacoublay-Velizy (BA 107) Air Base
Escadron de transport 60,F-RAFB,3b76b3,2022-08-16,2022-08-16 11:53:43.333000+00:00,2022-08-16 12:54:14.583000+00:00,60.52,1h01min,Villacoublay-Velizy (BA 107) Air Base,Grenoble-Isère Airport,LFPV,LFLS,48.774353,2.201984,45.397277,5.314904,3.8,output/F-RAFB/2022-08-16/leg_1/F-RAFB_baro_2022-08-16_leg_1.csv,Villacoublay-Velizy (BA 107) Air Base - Grenoble-Isère Airport
Escadron de transport 60,F-RAFP,3b77e5,2022-08-16,2022-08-16 10:20:47.144000+00:00,2022-08-16 11:45:07.764000+00:00,84.33,1h24min,Dinard-Pleurtuit-Saint-Malo Airport,Villacoublay-Velizy (BA 107) Air Base,LFRD,LFPV,48.594223,-2.081698,48.774261,2.197477,5.1,output/F-RAFP/2022-08-16/leg_2/F-RAFP_baro_2022-08-16_leg_2.csv,Dinard-Pleurtuit-Saint-Malo Airport - Villacoublay-Velizy (BA 107) Air Base
Escadron de transport 60,F-RAFP,3b77e5,2022-08-16,2022-08-16 07:16:27.374000+00:00,2022-08-16 09:52:29.034000+00:00,156.02,2h36min,Villacoublay-Velizy (BA 107) Air Base,Dinard-Pleurtuit-Saint-Malo Airport,LFPV,LFRD,48.774409,2.204855,48.591971,-2.081114,9.4,output/F-RAFP/2022-08-16/leg_1/F-RAFP_baro_2022-08-16_leg_1.csv,Villacoublay-Velizy (BA 107) Air Base - Dinard-Pleurtuit-Saint-Malo Airport
Escadron de transport 60,F-RAFC,3b76a5,2022-08-16,2022-08-16 07:11:55.353000+00:00,2022-08-16 13:46:36.966000+00:00,394.68,6h35min,Villacoublay-Velizy (BA 107) Air Base,A/C in cruise,LFPV,A/C in cruise,48.774223,2.193073,1.460037,9.804786,19.2,output/F-RAFC/2022-08-16/leg_1/F-RAFC_baro_2022-08-16_leg_1.csv,Villacoublay-Velizy (BA 107) Air Base - A/C in cruise
Escadron de transport 60,F-RAFQ,3b77e4,2022-08-11,2022-08-11 22:06:40.830000+00:00,2022-08-11 22:25:27.650000+00:00,18.77,19min,Évreux-Fauville (BA 105) Air Base,Villacoublay-Velizy (BA 107) Air Base,LFOE,LFPV,49.02887,1.220187,48.774399,2.203252,0.8,output/F-RAFQ/2022-08-11/leg_3/F-RAFQ_baro_2022-08-11_leg_3.csv,Évreux-Fauville (BA 105) Air Base - Villacoublay-Velizy (BA 107) Air Base
Escadron de transport 60,F-RAFQ,3b77e4,2022-08-11,2022-08-11 21:14:58.070000+00:00,2022-08-11 21:49:46.080000+00:00,34.8,35min,Évreux-Fauville (BA 105) Air Base,Évreux-Fauville (BA 105) Air Base,LFOE,LFOE,49.028458,1.219553,49.017505,1.205677,1.5,output/F-RAFQ/2022-08-11/leg_2/F-RAFQ_baro_2022-08-11_leg_2.csv,Évreux-Fauville (BA 105) Air Base - Évreux-Fauville (BA 105) Air Base
Escadron de transport 60,F-RAFQ,3b77e4,2022-08-11,2022-08-11 19:37:10.010000+00:00,2022-08-11 20:41:23.300000+00:00,64.22,1h04min,Villacoublay-Velizy (BA 107) Air Base,Évreux-Fauville (BA 105) Air Base,LFPV,LFOE,48.774362,2.201241,49.016201,1.204015,2.8,output/F-RAFQ/2022-08-11/leg_1/F-RAFQ_baro_2022-08-11_leg_1.csv,Villacoublay-Velizy (BA 107) Air Base - Évreux-Fauville (BA 105) Air Base
Escadron de transport 60,F-RAFP,3b77e5,2022-08-11,2022-08-11 15:52:11.220000+00:00,2022-08-11 16:44:05.540000+00:00,51.9,52min,Pau Pyrenees Airport,Villacoublay-Velizy (BA 107) Air Base,LFBP,LFPV,43.946869,-0.530154,48.774176,2.192062,2.2,output/F-RAFP/2022-08-11/leg_4/F-RAFP_baro_2022-08-11_leg_4.csv,Pau Pyrenees Airport - Villacoublay-Velizy (BA 107) Air Base
Escadron de transport 60,F-RAFP,3b77e5,2022-08-11,2022-08-11 14:43:24.360000+00:00,2022-08-11 15:21:45.490000+00:00,38.35,38min,Orange-Caritat (BA 115) Air Base,Pau Pyrenees Airport,LFMO,LFBP,44.167282,4.83935,43.915604,-0.391803,1.7,output/F-RAFP/2022-08-11/leg_3/F-RAFP_baro_2022-08-11_leg_3.csv,Orange-Caritat (BA 115) Air Base - Pau Pyrenees Airport
SECURITE CIVILE,F-ZBFS,3b7b6e,2022-08-11,2022-08-11 14:16:00.120000+00:00,2022-08-11 14:19:59.730000+00:00,3.98,4min,Bordeaux-Merignac Airport,Bordeaux-Merignac Airport,LFBD,LFBD,44.666743,-0.65353,44.817844,-0.742006,0.0,output/F-ZBFS/2022-08-11/leg_1/F-ZBFS_baro_2022-08-11_leg_1.csv,Bordeaux-Merignac Airport - Bordeaux-Merignac Airport
Escadron de transport 60,F-RAFP,3b77e5,2022-08-11,2022-08-11 13:03:11.190000+00:00,2022-08-11 13:45:28.520000+00:00,42.28,42min,Pau Pyrenees Airport,Orange-Caritat (BA 115) Air Base,LFBP,LFMO,43.913498,-0.458615,44.092621,4.916382,1.8,output/F-RAFP/2022-08-11/leg_2/F-RAFP_baro_2022-08-11_leg_2.csv,Pau Pyrenees Airport - Orange-Caritat (BA 115) Air Base
Escadron de transport 60,F-RAFP,3b77e5,2022-08-11,2022-08-11 11:35:12.250000+00:00,2022-08-11 12:24:26.580000+00:00,49.23,49min,Villacoublay-Velizy (BA 107) Air Base,Pau Pyrenees Airport,LFPV,LFBP,48.774409,2.205216,43.918917,-0.458418,2.1,output/F-RAFP/2022-08-11/leg_1/F-RAFP_baro_2022-08-11_leg_1.csv,Villacoublay-Velizy (BA 107) Air Base - Pau Pyrenees Airport
SECURITE CIVILE,F-ZBFS,3b7b6e,2022-08-10,2022-08-10 19:12:38.690000+00:00,2022-08-10 19:17:06.640000+00:00,4.45,4min,Bordeaux-Merignac Airport,Bordeaux-Merignac Airport,LFBD,LFBD,44.636395,-0.685344,44.813098,-0.727305,0.0,output/F-ZBFS/2022-08-10/leg_9/F-ZBFS_baro_2022-08-10_leg_9.csv,Bordeaux-Merignac Airport - Bordeaux-Merignac Airport
Escadron de transport 60,F-RAFP,3b77e5,2022-08-10,2022-08-10 16:09:46.660000+00:00,2022-08-10 16:37:08.470000+00:00,27.35,27min,"Châteauroux-Deols ""Marcel Dassault"" Airport",Villacoublay-Velizy (BA 107) Air Base,LFLX,LFPV,46.927185,1.762138,48.774078,2.188533,1.2,output/F-RAFP/2022-08-10/leg_4/F-RAFP_baro_2022-08-10_leg_4.csv,"Châteauroux-Deols ""Marcel Dassault"" Airport - Villacoublay-Velizy (BA 107) Air Base"
Escadron de transport 60,F-RAFQ,3b77e4,2022-08-10,2022-08-10 15:57:38.450000+00:00,2022-08-10 17:02:43.710000+00:00,65.08,1h05min,Marseille Provence Airport,Villacoublay-Velizy (BA 107) Air Base,LFML,LFPV,43.424744,5.226298,48.77413,2.190038,2.8,output/F-RAFQ/2022-08-10/leg_5/F-RAFQ_baro_2022-08-10_leg_5.csv,Marseille Provence Airport - Villacoublay-Velizy (BA 107) Air Base
Escadron de transport 60,F-RAFQ,3b77e4,2022-08-10,2022-08-10 14:53:11.140000+00:00,2022-08-10 15:24:58.330000+00:00,31.78,32min,Rodez-Marcillac Airport,Marseille Provence Airport,LFCR,LFML,44.371731,2.542598,43.493523,5.13382,1.4,output/F-RAFQ/2022-08-10/leg_4/F-RAFQ_baro_2022-08-10_leg_4.csv,Rodez-Marcillac Airport - Marseille Provence Airport
Escadron de transport 60,F-RAFP,3b77e5,2022-08-10,2022-08-10 14:51:12.550000+00:00,2022-08-10 15:34:01.540000+00:00,42.8,43min,Limoges Airport,"Châteauroux-Deols ""Marcel Dassault"" Airport",LFBL,LFLX,45.91571,1.184179,46.705302,1.57901,1.9,output/F-RAFP/2022-08-10/leg_3/F-RAFP_baro_2022-08-10_leg_3.csv,"Limoges Airport - Châteauroux-Deols ""Marcel Dassault"" Airport"
SECURITE CIVILE,F-ZBFS,3b7b6e,2022-08-10,2022-08-10 13:49:32.150000+00:00,2022-08-10 15:04:03.630000+00:00,74.52,1h15min,Bordeaux-Merignac Airport,Bordeaux-Merignac Airport,LFBD,LFBD,44.681664,-0.503945,44.815416,-0.730099,0.0,output/F-ZBFS/2022-08-10/leg_8/F-ZBFS_baro_2022-08-10_leg_8.csv,Bordeaux-Merignac Airport - Bordeaux-Merignac Airport
Escadron de transport 60,F-RAFP,3b77e5,2022-08-10,2022-08-10 13:21:06.100000+00:00,2022-08-10 14:17:43.330000+00:00,56.62,57min,"Châteauroux-Deols ""Marcel Dassault"" Airport",Limoges Airport,LFLX,LFBL,46.701828,1.57205,45.745534,1.072609,2.5,output/F-RAFP/2022-08-10/leg_2/F-RAFP_baro_2022-08-10_leg_2.csv,"Châteauroux-Deols ""Marcel Dassault"" Airport - Limoges Airport"
SECURITE CIVILE,F-ZBFS,3b7b6e,2022-08-10,2022-08-10 13:07:46.520000+00:00,2022-08-10 13:18:26.320000+00:00,10.65,11min,Bordeaux-Merignac Airport,Bordeaux-Merignac Airport,LFBD,LFBD,44.690943,-0.496661,44.610306,-0.550688,0.0,output/F-ZBFS/2022-08-10/leg_7/F-ZBFS_baro_2022-08-10_leg_7.csv,Bordeaux-Merignac Airport - Bordeaux-Merignac Airport
Escadron de transport 60,F-RAFP,3b77e5,2022-08-10,2022-08-10 12:20:22.450000+00:00,2022-08-10 12:49:14.130000+00:00,28.85,29min,Villacoublay-Velizy (BA 107) Air Base,"Châteauroux-Deols ""Marcel Dassault"" Airport",LFPV,LFLX,48.774261,2.197336,47.010265,1.866831,1.3,output/F-RAFP/2022-08-10/leg_1/F-RAFP_baro_2022-08-10_leg_1.csv,"Villacoublay-Velizy (BA 107) Air Base - Châteauroux-Deols ""Marcel Dassault"" Airport"
SECURITE CIVILE,F-ZBFS,3b7b6e,2022-08-10,2022-08-10 12:15:20.760000+00:00,2022-08-10 12:18:31.720000+00:00,3.17,3min,Bordeaux-Merignac Airport,Bordeaux-Merignac Airport,LFBD,LFBD,44.832575,-0.675682,44.747059,-0.53161,0.0,output/F-ZBFS/2022-08-10/leg_6/F-ZBFS_baro_2022-08-10_leg_6.csv,Bordeaux-Merignac Airport - Bordeaux-Merignac Airport
Escadron de transport 60,F-RAFA,3b770d,2022-08-10,2022-08-10 11:11:14.810000+00:00,2022-08-10 11:52:11.800000+00:00,40.93,41min,Épinal-Mirecourt Airport,Villacoublay-Velizy (BA 107) Air Base,LFSG,LFPV,47.781143,6.369736,48.774176,2.192351,2.1,output/F-RAFA/2022-08-10/leg_4/F-RAFA_baro_2022-08-10_leg_4.csv,Épinal-Mirecourt Airport - Villacoublay-Velizy (BA 107) Air Base
Escadron de transport 60,F-RAFQ,3b77e4,2022-08-10,2022-08-10 10:34:27.170000+00:00,2022-08-10 11:19:39.910000+00:00,45.2,45min,Saint-Nazaire-Montoir Airport,Rodez-Marcillac Airport,LFRZ,LFCR,47.310481,-2.157616,44.4984,2.333791,2.0,output/F-RAFQ/2022-08-10/leg_3/F-RAFQ_baro_2022-08-10_leg_3.csv,Saint-Nazaire-Montoir Airport - Rodez-Marcillac Airport
SECURITE CIVILE,F-ZBFS,3b7b6e,2022-08-10,2022-08-10 10:07:33.520000+00:00,2022-08-10 10:22:54.340000+00:00,15.33,15min,Bordeaux-Merignac Airport,Bordeaux-Merignac Airport,LFBD,LFBD,44.684893,-0.496608,44.820875,-0.691053,0.0,output/F-ZBFS/2022-08-10/leg_5/F-ZBFS_baro_2022-08-10_leg_5.csv,Bordeaux-Merignac Airport - Bordeaux-Merignac Airport
SECURITE CIVILE,F-ZBFS,3b7b6e,2022-08-10,2022-08-10 09:52:01.680000+00:00,2022-08-10 09:53:49.900000+00:00,1.8,2min,Bordeaux-Merignac Airport,Bordeaux-Merignac Airport,LFBD,LFBD,44.625797,-0.539121,44.712617,-0.478771,0.0,output/F-ZBFS/2022-08-10/leg_4/F-ZBFS_baro_2022-08-10_leg_4.csv,Bordeaux-Merignac Airport - Bordeaux-Merignac Airport
Escadron de transport 60,F-RAFA,3b770d,2022-08-10,2022-08-10 09:06:05.580000+00:00,2022-08-10 09:46:22.420000+00:00,40.27,40min,Évreux-Fauville (BA 105) Air Base,Épinal-Mirecourt Airport,LFOE,LFSG,49.027771,1.218778,47.820328,6.234261,2.5,output/F-RAFA/2022-08-10/leg_3/F-RAFA_baro_2022-08-10_leg_3.csv,Évreux-Fauville (BA 105) Air Base - Épinal-Mirecourt Airport
SECURITE CIVILE,F-ZBFS,3b7b6e,2022-08-10,2022-08-10 08:28:29.860000+00:00,2022-08-10 09:11:08.730000+00:00,42.63,43min,Bordeaux-Merignac Airport,Bordeaux-Merignac Airport,LFBD,LFBD,44.684299,-0.492262,44.71793,-0.468085,0.0,output/F-ZBFS/2022-08-10/leg_3/F-ZBFS_baro_2022-08-10_leg_3.csv,Bordeaux-Merignac Airport - Bordeaux-Merignac Airport
SECURITE CIVILE,F-ZBFS,3b7b6e,2022-08-10,2022-08-10 07:42:38.410000+00:00,2022-08-10 08:14:41.610000+00:00,32.05,32min,Bordeaux-Merignac Airport,Bordeaux-Merignac Airport,LFBD,LFBD,44.820935,-0.694815,44.702648,-0.507849,0.0,output/F-ZBFS/2022-08-10/leg_2/F-ZBFS_baro_2022-08-10_leg_2.csv,Bordeaux-Merignac Airport - Bordeaux-Merignac Airport
Escadron de transport 60,F-RAFA,3b770d,2022-08-10,2022-08-10 07:18:56.050000+00:00,2022-08-10 07:54:39.970000+00:00,35.72,36min,Épinal-Mirecourt Airport,Évreux-Fauville (BA 105) Air Base,LFSG,LFOE,47.797045,6.311927,49.014908,1.202369,1.9,output/F-RAFA/2022-08-10/leg_2/F-RAFA_baro_2022-08-10_leg_2.csv,Épinal-Mirecourt Airport - Évreux-Fauville (BA 105) Air Base
Escadron de transport 60,F-RAFQ,3b77e4,2022-08-10,2022-08-10 07:16:03.150000+00:00,2022-08-10 08:20:27.020000+00:00,64.38,1h04min,Marseille Provence Airport,Saint-Nazaire-Montoir Airport,LFML,LFRZ,43.461777,5.179351,47.31134,-2.153389,2.8,output/F-RAFQ/2022-08-10/leg_2/F-RAFQ_baro_2022-08-10_leg_2.csv,Marseille Provence Airport - Saint-Nazaire-Montoir Airport
Escadron de transport 60,F-RAFA,3b770d,2022-08-10,2022-08-10 06:11:12.100000+00:00,2022-08-10 06:45:53.870000+00:00,34.68,35min,Villacoublay-Velizy (BA 107) Air Base,Épinal-Mirecourt Airport,LFPV,LFSG,48.774409,2.204638,47.816162,6.248817,1.8,output/F-RAFA/2022-08-10/leg_1/F-RAFA_baro_2022-08-10_leg_1.csv,Villacoublay-Velizy (BA 107) Air Base - Épinal-Mirecourt Airport
SECURITE CIVILE,F-ZBFS,3b7b6e,2022-08-10,2022-08-10 05:51:27.670000+00:00,2022-08-10 06:23:08.020000+00:00,31.67,32min,Bordeaux-Merignac Airport,Bordeaux-Merignac Airport,LFBD,LFBD,44.836227,-0.684598,44.815001,-0.731045,0.0,output/F-ZBFS/2022-08-10/leg_1/F-ZBFS_baro_2022-08-10_leg_1.csv,Bordeaux-Merignac Airport - Bordeaux-Merignac Airport
Escadron de transport 60,F-RAFQ,3b77e4,2022-08-10,2022-08-10 04:41:21.900000+00:00,2022-08-10 05:35:41.650000+00:00,54.32,54min,Villacoublay-Velizy (BA 107) Air Base,Marseille Provence Airport,LFPV,LFML,48.774307,2.199097,43.400931,5.267552,2.4,output/F-RAFQ/2022-08-10/leg_1/F-RAFQ_baro_2022-08-10_leg_1.csv,Villacoublay-Velizy (BA 107) Air Base - Marseille Provence Airport
SECURITE CIVILE,F-ZBFS,3b7b6e,2022-08-09,2022-08-09 16:45:11.890000+00:00,2022-08-09 16:49:54.040000+00:00,4.7,5min,Bordeaux-Merignac Airport,Bordeaux-Merignac Airport,LFBD,LFBD,44.621941,-0.688114,44.813557,-0.730578,0.0,output/F-ZBFS/2022-08-09/leg_9/F-ZBFS_baro_2022-08-09_leg_9.csv,Bordeaux-Merignac Airport - Bordeaux-Merignac Airport
Escadron de transport 60,F-RAFP,3b77e5,2022-08-09,2022-08-09 16:23:26.430000+00:00,2022-08-09 17:04:51.110000+00:00,41.4,41min,Metz-Nancy-Lorraine Airport,Villacoublay-Velizy (BA 107) Air Base,LFJL,LFPV,48.99651,6.267194,48.77449,2.205646,1.8,output/F-RAFP/2022-08-09/leg_3/F-RAFP_baro_2022-08-09_leg_3.csv,Metz-Nancy-Lorraine Airport - Villacoublay-Velizy (BA 107) Air Base
SECURITE CIVILE,F-ZBFS,3b7b6e,2022-08-09,2022-08-09 15:33:58.540000+00:00,2022-08-09 15:52:39.110000+00:00,18.67,19min,Bordeaux-Merignac Airport,Bordeaux-Merignac Airport,LFBD,LFBD,44.839721,-0.704004,44.613032,-0.750006,0.0,output/F-ZBFS/2022-08-09/leg_8/F-ZBFS_baro_2022-08-09_leg_8.csv,Bordeaux-Merignac Airport - Bordeaux-Merignac Airport
SECURITE CIVILE,F-ZBFS,3b7b6e,2022-08-09,2022-08-09 14:26:13.020000+00:00,2022-08-09 14:36:49.980000+00:00,10.6,11min,Bordeaux-Merignac Airport,Bordeaux-Merignac Airport,LFBD,LFBD,44.968345,-1.067133,44.834442,-0.734144,0.0,output/F-ZBFS/2022-08-09/leg_7/F-ZBFS_baro_2022-08-09_leg_7.csv,Bordeaux-Merignac Airport - Bordeaux-Merignac Airport
Escadron de transport 60,F-RAFP,3b77e5,2022-08-09,2022-08-09 14:26:00.320000+00:00,2022-08-09 15:58:23.300000+00:00,92.37,1h32min,Clermont-Ferrand Auvergne Airport,Metz-Nancy-Lorraine Airport,LFLC,LFJL,45.786547,3.168594,48.948532,6.260024,4.0,output/F-RAFP/2022-08-09/leg_2/F-RAFP_baro_2022-08-09_leg_2.csv,Clermont-Ferrand Auvergne Airport - Metz-Nancy-Lorraine Airport
SECURITE CIVILE,F-ZBFS,3b7b6e,2022-08-09,2022-08-09 13:42:01.570000+00:00,2022-08-09 14:09:03.290000+00:00,27.02,27min,Bordeaux-Merignac Airport,Bordeaux-Merignac Airport,LFBD,LFBD,44.642384,-0.502958,44.97556,-0.949814,0.0,output/F-ZBFS/2022-08-09/leg_6/F-ZBFS_baro_2022-08-09_leg_6.csv,Bordeaux-Merignac Airport - Bordeaux-Merignac Airport
Escadron de transport 60,F-RAFA,3b770d,2022-08-09,2022-08-09 12:24:42.960000+00:00,2022-08-09 12:54:49.600000+00:00,30.1,30min,Évreux-Fauville (BA 105) Air Base,Villacoublay-Velizy (BA 107) Air Base,LFOE,LFPV,49.026718,1.21744,48.773941,2.181138,1.6,output/F-RAFA/2022-08-09/leg_2/F-RAFA_baro_2022-08-09_leg_2.csv,Évreux-Fauville (BA 105) Air Base - Villacoublay-Velizy (BA 107) Air Base
SECURITE CIVILE,F-ZBFS,3b7b6e,2022-08-09,2022-08-09 12:15:26.710000+00:00,2022-08-09 12:51:25.410000+00:00,35.97,36min,Bordeaux-Merignac Airport,Bordeaux-Merignac Airport,LFBD,LFBD,44.629255,-0.564523,44.653056,-0.471527,0.0,output/F-ZBFS/2022-08-09/leg_5/F-ZBFS_baro_2022-08-09_leg_5.csv,Bordeaux-Merignac Airport - Bordeaux-Merignac Airport
Escadron de transport 60,F-RAFP,3b77e5,2022-08-09,2022-08-09 11:49:26.480000+00:00,2022-08-09 14:04:18.760000+00:00,134.87,2h15min,Villacoublay-Velizy (BA 107) Air Base,Clermont-Ferrand Auvergne Airport,LFPV,LFLC,48.774362,2.202831,45.786593,3.169144,5.8,output/F-RAFP/2022-08-09/leg_1/F-RAFP_baro_2022-08-09_leg_1.csv,Villacoublay-Velizy (BA 107) Air Base - Clermont-Ferrand Auvergne Airport
SECURITE CIVILE,F-ZBFS,3b7b6e,2022-08-09,2022-08-09 11:37:57.090000+00:00,2022-08-09 11:41:35.970000+00:00,3.63,4min,Bordeaux-Merignac Airport,Bordeaux-Merignac Airport,LFBD,LFBD,44.83882,-0.682224,44.741343,-0.517166,0.0,output/F-ZBFS/2022-08-09/leg_4/F-ZBFS_baro_2022-08-09_leg_4.csv,Bordeaux-Merignac Airport - Bordeaux-Merignac Airport
Escadron de transport 60,F-RAFA,3b770d,2022-08-09,2022-08-09 11:19:00.540000+00:00,2022-08-09 12:04:37.020000+00:00,45.6,46min,Villacoublay-Velizy (BA 107) Air Base,Évreux-Fauville (BA 105) Air Base,LFPV,LFOE,48.774362,2.203048,49.013874,1.201124,2.4,output/F-RAFA/2022-08-09/leg_1/F-RAFA_baro_2022-08-09_leg_1.csv,Villacoublay-Velizy (BA 107) Air Base - Évreux-Fauville (BA 105) Air Base
SECURITE CIVILE,F-ZBFS,3b7b6e,2022-08-09,2022-08-09 09:37:22.360000+00:00,2022-08-09 09:40:08.350000+00:00,2.75,3min,Bordeaux-Merignac Airport,Bordeaux-Merignac Airport,LFBD,LFBD,44.919933,-0.735718,44.813473,-0.72803,0.0,output/F-ZBFS/2022-08-09/leg_3/F-ZBFS_baro_2022-08-09_leg_3.csv,Bordeaux-Merignac Airport - Bordeaux-Merignac Airport
Escadron de transport 60,F-RAFQ,3b77e4,2022-08-09,2022-08-09 08:25:55.790000+00:00,2022-08-09 09:24:35.620000+00:00,58.65,59min,Pau Pyrenees Airport,Villacoublay-Velizy (BA 107) Air Base,LFBP,LFPV,43.382589,-0.423758,48.774216,2.192618,2.5,output/F-RAFQ/2022-08-09/leg_2/F-RAFQ_baro_2022-08-09_leg_2.csv,Pau Pyrenees Airport - Villacoublay-Velizy (BA 107) Air Base
SECURITE CIVILE,F-ZBFS,3b7b6e,2022-08-09,2022-08-09 07:59:27.950000+00:00,2022-08-09 08:03:27.820000+00:00,3.98,4min,Bordeaux-Merignac Airport,Bordeaux-Merignac Airport,LFBD,LFBD,44.854058,-0.691217,45.014454,-0.614978,0.0,output/F-ZBFS/2022-08-09/leg_2/F-ZBFS_baro_2022-08-09_leg_2.csv,Bordeaux-Merignac Airport - Bordeaux-Merignac Airport
Escadron de transport 60,F-RAFQ,3b77e4,2022-08-09,2022-08-09 06:39:36.220000+00:00,2022-08-09 07:39:54.840000+00:00,60.3,1h00min,Villacoublay-Velizy (BA 107) Air Base,Pau Pyrenees Airport,LFPV,LFBP,48.774353,2.203815,43.3694,-0.398574,2.6,output/F-RAFQ/2022-08-09/leg_1/F-RAFQ_baro_2022-08-09_leg_1.csv,Villacoublay-Velizy (BA 107) Air Base - Pau Pyrenees Airport
SECURITE CIVILE,F-ZBFS,3b7b6e,2022-08-09,2022-08-09 06:14:57.100000+00:00,2022-08-09 06:23:23.920000+00:00,8.43,8min,Bordeaux-Merignac Airport,Bordeaux-Merignac Airport,LFBD,LFBD,44.718196,-0.245288,44.814505,-0.728898,0.0,output/F-ZBFS/2022-08-09/leg_1/F-ZBFS_baro_2022-08-09_leg_1.csv,Bordeaux-Merignac Airport - Bordeaux-Merignac Airport
Escadron de transport 60,F-RAFQ,3b77e4,2022-08-08,2022-08-08 13:43:59.070000+00:00,2022-08-08 15:43:17.550000+00:00,119.3,1h59min,Metz-Nancy-Lorraine Airport,Villacoublay-Velizy (BA 107) Air Base,LFJL,LFPV,48.983894,6.254112,48.774316,2.199,5.2,output/F-RAFQ/2022-08-08/leg_2/F-RAFQ_baro_2022-08-08_leg_2.csv,Metz-Nancy-Lorraine Airport - Villacoublay-Velizy (BA 107) Air Base
Escadron de transport 60,F-RAFQ,3b77e4,2022-08-08,2022-08-08 11:42:18.280000+00:00,2022-08-08 13:16:21.410000+00:00,94.05,1h34min,Villacoublay-Velizy (BA 107) Air Base,Metz-Nancy-Lorraine Airport,LFPV,LFJL,48.774307,2.198111,48.942764,6.210374,4.1,output/F-RAFQ/2022-08-08/leg_1/F-RAFQ_baro_2022-08-08_leg_1.csv,Villacoublay-Velizy (BA 107) Air Base - Metz-Nancy-Lorraine Airport
Escadron de transport 60,F-RAFD,3b76a4,2022-08-06,2022-08-06 00:07:48.110000+00:00,2022-08-06 03:38:26.820000+00:00,210.63,3h31min,A/C in cruise,Villacoublay-Velizy (BA 107) Air Base,A/C in cruise,LFPV,23.435726,5.605946,48.774399,2.203674,11.0,output/F-RAFD/2022-08-06/leg_1/F-RAFD_baro_2022-08-06_leg_1.csv,A/C in cruise - Villacoublay-Velizy (BA 107) Air Base
Escadron de transport 60,F-RAFD,3b76a4,2022-08-05,2022-08-05 22:42:57.820000+00:00,2022-08-05 23:33:25.170000+00:00,50.45,50min,Diori Hamani International Airport,A/C in cruise,DRRN,A/C in cruise,13.482422,2.186895,19.136982,4.167938,2.6,output/F-RAFD/2022-08-05/leg_2/F-RAFD_baro_2022-08-05_leg_2.csv,Diori Hamani International Airport - A/C in cruise
Escadron de transport 60,F-RAFD,3b76a4,2022-08-05,2022-08-05 16:39:57.960000+00:00,2022-08-05 21:36:04.740000+00:00,296.1,4h56min,Villacoublay-Velizy (BA 107) Air Base,Diori Hamani International Airport,LFPV,DRRN,48.774353,2.200857,13.481735,2.171883,15.4,output/F-RAFD/2022-08-05/leg_1/F-RAFD_baro_2022-08-05_leg_1.csv,Villacoublay-Velizy (BA 107) Air Base - Diori Hamani International Airport
SECURITE CIVILE,F-ZBFS,3b7b6e,2022-08-05,2022-08-05 12:22:12.270000+00:00,2022-08-05 12:25:02.500000+00:00,2.83,3min,Le Castellet Airport,Le Castellet Airport,LFMQ,LFMQ,43.41254,5.526618,43.319281,5.697187,0.0,output/F-ZBFS/2022-08-05/leg_1/F-ZBFS_baro_2022-08-05_leg_1.csv,Le Castellet Airport - Le Castellet Airport
Escadron de transport 60,F-RAFA,3b770d,2022-08-04,2022-08-04 15:26:30.390000+00:00,2022-08-04 16:25:06.350000+00:00,58.58,59min,Pau Pyrenees Airport,Villacoublay-Velizy (BA 107) Air Base,LFBP,LFPV,43.912726,-0.528455,48.774502,2.20883,3.0,output/F-RAFA/2022-08-04/leg_4/F-RAFA_baro_2022-08-04_leg_4.csv,Pau Pyrenees Airport - Villacoublay-Velizy (BA 107) Air Base
Escadron de transport 60,F-RAFA,3b770d,2022-08-04,2022-08-04 14:11:49.050000+00:00,2022-08-04 14:51:23.540000+00:00,39.57,40min,Orange-Caritat (BA 115) Air Base,Pau Pyrenees Airport,LFMO,LFBP,44.162525,4.847129,43.916016,-0.378645,2.1,output/F-RAFA/2022-08-04/leg_3/F-RAFA_baro_2022-08-04_leg_3.csv,Orange-Caritat (BA 115) Air Base - Pau Pyrenees Airport
Escadron de transport 60,F-RAFA,3b770d,2022-08-04,2022-08-04 12:37:32.800000+00:00,2022-08-04 13:19:40.330000+00:00,42.12,42min,Pau Pyrenees Airport,Orange-Caritat (BA 115) Air Base,LFBP,LFMO,43.91091,-0.527082,44.166901,4.801614,2.2,output/F-RAFA/2022-08-04/leg_2/F-RAFA_baro_2022-08-04_leg_2.csv,Pau Pyrenees Airport - Orange-Caritat (BA 115) Air Base
Escadron de transport 60,F-RAFA,3b770d,2022-08-04,2022-08-04 10:49:58.100000+00:00,2022-08-04 11:59:01.040000+00:00,69.03,1h09min,Villacoublay-Velizy (BA 107) Air Base,Pau Pyrenees Airport,LFPV,LFBP,48.77417,2.192547,43.915146,-0.404706,3.6,output/F-RAFA/2022-08-04/leg_1/F-RAFA_baro_2022-08-04_leg_1.csv,Villacoublay-Velizy (BA 107) Air Base - Pau Pyrenees Airport
Escadron de transport 60,F-RAFC,3b76a5,2022-08-03,2022-08-03 10:46:06.990000+00:00,2022-08-03 12:35:20.940000+00:00,109.22,1h49min,Stornoway Airport,Villacoublay-Velizy (BA 107) Air Base,EGPO,LFPV,58.205429,-6.217642,48.774307,2.197829,5.7,output/F-RAFC/2022-08-03/leg_2/F-RAFC_baro_2022-08-03_leg_2.csv,Stornoway Airport - Villacoublay-Velizy (BA 107) Air Base
Escadron de transport 60,F-RAFC,3b76a5,2022-08-03,2022-08-03 07:42:48.320000+00:00,2022-08-03 10:32:22.900000+00:00,169.57,2h50min,Villacoublay-Velizy (BA 107) Air Base,Stornoway Airport,LFPV,EGPO,48.774223,2.194591,58.281372,-6.102551,8.8,output/F-RAFC/2022-08-03/leg_1/F-RAFC_baro_2022-08-03_leg_1.csv,Villacoublay-Velizy (BA 107) Air Base - Stornoway Airport
Escadron de transport 60,F-RAFQ,3b77e4,2022-08-02,2022-08-02 13:17:06.570000+00:00,2022-08-02 16:56:05.950000+00:00,218.98,3h39min,Keflavik International Airport,Villacoublay-Velizy (BA 107) Air Base,BIKF,LFPV,63.982047,-22.605469,48.774316,2.20088,9.5,output/F-RAFQ/2022-08-02/leg_2/F-RAFQ_baro_2022-08-02_leg_2.csv,Keflavik International Airport - Villacoublay-Velizy (BA 107) Air Base
Escadron de transport 60,F-RAFC,3b76a5,2022-08-02,2022-08-02 10:53:22.790000+00:00,2022-08-02 11:50:56.750000+00:00,57.55,58min,Marseille Provence Airport,Villacoublay-Velizy (BA 107) Air Base,LFML,LFPV,43.544358,4.901537,48.774549,2.210131,3.0,output/F-RAFC/2022-08-02/leg_2/F-RAFC_baro_2022-08-02_leg_2.csv,Marseille Provence Airport - Villacoublay-Velizy (BA 107) Air Base
Escadron de transport 60,F-RAFC,3b76a5,2022-08-02,2022-08-02 09:12:27.740000+00:00,2022-08-02 10:09:13.420000+00:00,56.75,57min,Villacoublay-Velizy (BA 107) Air Base,Marseille Provence Airport,LFPV,LFML,48.774549,2.210203,43.488449,4.838693,3.0,output/F-RAFC/2022-08-02/leg_1/F-RAFC_baro_2022-08-02_leg_1.csv,Villacoublay-Velizy (BA 107) Air Base - Marseille Provence Airport
Escadron de transport 60,F-RAFQ,3b77e4,2022-08-02,2022-08-02 07:05:59.960000+00:00,2022-08-02 12:20:54.320000+00:00,314.9,5h15min,Villacoublay-Velizy (BA 107) Air Base,Keflavik International Airport,LFPV,BIKF,48.774409,2.203843,63.961807,-22.605532,13.6,output/F-RAFQ/2022-08-02/leg_1/F-RAFQ_baro_2022-08-02_leg_1.csv,Villacoublay-Velizy (BA 107) Air Base - Keflavik International Airport
SECURITE CIVILE,F-ZBFS,3b7b6e,2022-08-01,2022-08-01 17:21:08.880000+00:00,2022-08-01 18:55:19.890000+00:00,94.18,1h34min,Bordeaux-Merignac Airport,Bordeaux-Merignac Airport,LFBD,LFBD,44.566402,-1.144449,44.813904,-0.671122,0.0,output/F-ZBFS/2022-08-01/leg_2/F-ZBFS_baro_2022-08-01_leg_2.csv,Bordeaux-Merignac Airport - Bordeaux-Merignac Airport
SECURITE CIVILE,F-ZBFS,3b7b6e,2022-08-01,2022-08-01 16:30:23.620000+00:00,2022-08-01 17:00:31.400000+00:00,30.12,30min,Bordeaux-Merignac Airport,Bordeaux-Merignac Airport,LFBD,LFBD,44.777186,-0.739832,44.547611,-1.168381,0.0,output/F-ZBFS/2022-08-01/leg_1/F-ZBFS_baro_2022-08-01_leg_1.csv,Bordeaux-Merignac Airport - Bordeaux-Merignac Airport
Escadron de transport 60,F-RAFA,3b770d,2022-08-01,2022-08-01 07:40:49.630000+00:00,2022-08-01 08:47:05.970000+00:00,66.27,1h06min,Toulon-Hyères Airport,Villacoublay-Velizy (BA 107) Air Base,LFTH,LFPV,43.11631,6.179417,48.774536,2.209379,3.4,output/F-RAFA/2022-08-01/leg_2/F-RAFA_baro_2022-08-01_leg_2.csv,Toulon-Hyères Airport - Villacoublay-Velizy (BA 107) Air Base
Escadron de transport 60,F-RAFP,3b77e5,2022-08-01,2022-08-01 06:15:28.510000+00:00,2022-08-01 07:53:59.150000+00:00,98.5,1h38min,Villacoublay-Velizy (BA 107) Air Base,Villacoublay-Velizy (BA 107) Air Base,LFPV,LFPV,48.774445,2.206703,48.774399,2.203111,4.3,output/F-RAFP/2022-08-01/leg_1/F-RAFP_baro_2022-08-01_leg_1.csv,Villacoublay-Velizy (BA 107) Air Base - Villacoublay-Velizy (BA 107) Air Base
Escadron de transport 60,F-RAFA,3b770d,2022-08-01,2022-08-01 05:56:44.500000+00:00,2022-08-01 06:59:41.970000+00:00,62.95,1h03min,Villacoublay-Velizy (BA 107) Air Base,Toulon-Hyères Airport,LFPV,LFTH,48.774353,2.199801,43.065336,6.090873,3.3,output/F-RAFA/2022-08-01/leg_1/F-RAFA_baro_2022-08-01_leg_1.csv,Villacoublay-Velizy (BA 107) Air Base - Toulon-Hyères Airport
Escadron de transport 60,F-RAFA,3b770d,2022-07-29,2022-07-29 10:10:32.900000+00:00,2022-07-29 11:09:02.640000+00:00,58.48,58min,Bordeaux-Merignac Airport,Villacoublay-Velizy (BA 107) Air Base,LFBD,LFPV,44.832877,-0.709288,48.774455,2.207168,3.0,output/F-RAFA/2022-07-29/leg_2/F-RAFA_baro_2022-07-29_leg_2.csv,Bordeaux-Merignac Airport - Villacoublay-Velizy (BA 107) Air Base
Escadron de transport 60,F-RAFA,3b770d,2022-07-29,2022-07-29 08:58:26.800000+00:00,2022-07-29 09:49:50.110000+00:00,51.38,51min,Villacoublay-Velizy (BA 107) Air Base,Bordeaux-Merignac Airport,LFPV,LFBD,48.774307,2.19959,44.834564,-0.706853,2.7,output/F-RAFA/2022-07-29/leg_1/F-RAFA_baro_2022-07-29_leg_1.csv,Villacoublay-Velizy (BA 107) Air Base - Bordeaux-Merignac Airport
Escadron de transport 60,F-RARF,3b76ae,2022-07-29,2022-07-29 05:42:10.110000+00:00,2022-07-29 06:29:04.920000+00:00,46.9,47min,Paris-Orly Airport,Bordeaux-Merignac Airport,LFPO,LFBD,48.73027,2.346074,44.831388,-0.711432,2.4,output/F-RARF/2022-07-29/leg_1/F-RARF_baro_2022-07-29_leg_1.csv,Paris-Orly Airport - Bordeaux-Merignac Airport
Escadron de transport 60,F-RAFP,3b77e5,2022-07-28,2022-07-28 13:12:38.710000+00:00,2022-07-28 18:30:42.840000+00:00,318.07,5h18min,Osvaldo Vieira International Airport,Villacoublay-Velizy (BA 107) Air Base,GGOV,LFPV,12.162005,-15.56382,48.774316,2.199506,13.8,output/F-RAFP/2022-07-28/leg_1/F-RAFP_baro_2022-07-28_leg_1.csv,Osvaldo Vieira International Airport - Villacoublay-Velizy (BA 107) Air Base
Escadron de transport 60,F-RAFB,3b76b3,2022-07-28,2022-07-28 13:03:03.700000+00:00,2022-07-28 17:52:13.820000+00:00,289.17,4h49min,Osvaldo Vieira International Airport,Villacoublay-Velizy (BA 107) Air Base,GGOV,LFPV,12.022627,-15.623281,48.77417,2.190505,15.0,output/F-RAFB/2022-07-28/leg_1/F-RAFB_baro_2022-07-28_leg_1.csv,Osvaldo Vieira International Airport - Villacoublay-Velizy (BA 107) Air Base
Escadron de transport 60,F-RARF,3b76ae,2022-07-28,2022-07-28 12:58:30.960000+00:00,2022-07-28 17:55:46.600000+00:00,297.25,4h57min,Osvaldo Vieira International Airport,Paris-Orly Airport,GGOV,LFPO,12.441272,-15.496023,48.722643,2.375938,15.5,output/F-RARF/2022-07-28/leg_2/F-RARF_baro_2022-07-28_leg_2.csv,Osvaldo Vieira International Airport - Paris-Orly Airport
Escadron de transport 60,F-RAFD,3b76a4,2022-07-28,2022-07-28 10:20:15.720000+00:00,2022-07-28 16:41:32.400000+00:00,381.27,6h21min,Port Bouet Airport,Villacoublay-Velizy (BA 107) Air Base,DIAP,LFPV,5.269015,-3.922687,48.774455,2.20659,19.8,output/F-RAFD/2022-07-28/leg_2/F-RAFD_baro_2022-07-28_leg_2.csv,Port Bouet Airport - Villacoublay-Velizy (BA 107) Air Base
Escadron de transport 60,F-RARF,3b76ae,2022-07-28,2022-07-28 05:33:25.770000+00:00,2022-07-28 08:10:01.120000+00:00,156.58,2h37min,Cadjehoun Airport,Osvaldo Vieira International Airport,DBBB,GGOV,6.343506,2.300751,11.889439,-15.652428,8.1,output/F-RARF/2022-07-28/leg_1/F-RARF_baro_2022-07-28_leg_1.csv,Cadjehoun Airport - Osvaldo Vieira International Airport
Escadron de transport 60,F-RAFD,3b76a4,2022-07-28,2022-07-28 01:40:04.950000+00:00,2022-07-28 07:49:34.300000+00:00,369.48,6h09min,Villacoublay-Velizy (BA 107) Air Base,Port Bouet Airport,LFPV,DIAP,48.774353,2.200576,5.262637,-3.925292,19.2,output/F-RAFD/2022-07-28/leg_1/F-RAFD_baro_2022-07-28_leg_1.csv,Villacoublay-Velizy (BA 107) Air Base - Port Bouet Airport
Escadron de transport 60,F-RAFB,3b76b3,2022-07-27,2022-07-27 20:10:16.240000+00:00,2022-07-27 22:37:04.850000+00:00,146.8,2h27min,Cadjehoun Airport,A/C in cruise,DBBB,A/C in cruise,6.332175,2.239838,12.1749,-14.670844,7.6,output/F-RAFB/2022-07-27/leg_1/F-RAFB_baro_2022-07-27_leg_1.csv,Cadjehoun Airport - A/C in cruise
Escadron de transport 60,F-RAFP,3b77e5,2022-07-27,2022-07-27 20:06:00.390000+00:00,2022-07-27 22:50:16.670000+00:00,164.27,2h44min,Cadjehoun Airport,Osvaldo Vieira International Airport,DBBB,GGOV,6.355419,2.38369,11.888924,-15.652084,7.1,output/F-RAFP/2022-07-27/leg_1/F-RAFP_baro_2022-07-27_leg_1.csv,Cadjehoun Airport - Osvaldo Vieira International Airport
Escadron de transport 60,F-RAFC,3b76a5,2022-07-27,2022-07-27 14:26:29.510000+00:00,2022-07-27 15:34:10.860000+00:00,67.68,1h08min,Marseille Provence Airport,Villacoublay-Velizy (BA 107) Air Base,LFML,LFPV,43.611969,5.106662,48.774445,2.205505,3.5,output/F-RAFC/2022-07-27/leg_5/F-RAFC_baro_2022-07-27_leg_5.csv,Marseille Provence Airport - Villacoublay-Velizy (BA 107) Air Base
Escadron de transport 60,F-RAFC,3b76a5,2022-07-27,2022-07-27 13:17:51.830000+00:00,2022-07-27 14:06:08.850000+00:00,48.28,48min,Solenzara (BA 126) Air Base,Marseille Provence Airport,LFKS,LFML,41.924652,9.468592,43.585324,5.12146,2.5,output/F-RAFC/2022-07-27/leg_4/F-RAFC_baro_2022-07-27_leg_4.csv,Solenzara (BA 126) Air Base - Marseille Provence Airport
Escadron de transport 60,F-RAFQ,3b77e4,2022-07-27,2022-07-27 13:10:00.570000+00:00,2022-07-27 14:02:55.530000+00:00,52.9,53min,Aurillac Airport,Villacoublay-Velizy (BA 107) Air Base,LFLW,LFPV,44.863037,2.487815,48.774307,2.198674,2.3,output/F-RAFQ/2022-07-27/leg_2/F-RAFQ_baro_2022-07-27_leg_2.csv,Aurillac Airport - Villacoublay-Velizy (BA 107) Air Base
Escadron de transport 60,F-RAFC,3b76a5,2022-07-27,2022-07-27 09:28:35.440000+00:00,2022-07-27 10:08:54.910000+00:00,40.32,40min,Marseille Provence Airport,Solenzara (BA 126) Air Base,LFML,LFKS,43.613068,5.105832,41.988489,9.403914,2.1,output/F-RAFC/2022-07-27/leg_3/F-RAFC_baro_2022-07-27_leg_3.csv,Marseille Provence Airport - Solenzara (BA 126) Air Base
Escadron de transport 60,F-RAFQ,3b77e4,2022-07-27,2022-07-27 09:22:41.680000+00:00,2022-07-27 09:57:16.820000+00:00,34.58,35min,Villacoublay-Velizy (BA 107) Air Base,Aurillac Airport,LFPV,LFLW,48.774353,2.202618,45.046785,2.400513,1.5,output/F-RAFQ/2022-07-27/leg_1/F-RAFQ_baro_2022-07-27_leg_1.csv,Villacoublay-Velizy (BA 107) Air Base - Aurillac Airport
Escadron de transport 60,F-RAFC,3b76a5,2022-07-27,2022-07-27 08:03:04.590000+00:00,2022-07-27 08:57:19.600000+00:00,54.25,54min,Orleans   Saint-Denis-de-l'Hôtel Airport,Marseille Provence Airport,LFOZ,LFML,47.990795,1.772743,43.581482,5.120779,2.8,output/F-RAFC/2022-07-27/leg_2/F-RAFC_baro_2022-07-27_leg_2.csv,Orleans   Saint-Denis-de-l'Hôtel Airport - Marseille Provence Airport
Escadron de transport 60,F-RAFC,3b76a5,2022-07-27,2022-07-27 06:22:49.210000+00:00,2022-07-27 06:54:50.610000+00:00,32.02,32min,Villacoublay-Velizy (BA 107) Air Base,Orleans   Saint-Denis-de-l'Hôtel Airport,LFPV,LFOZ,48.774409,2.203337,47.992355,1.778961,1.7,output/F-RAFC/2022-07-27/leg_1/F-RAFC_baro_2022-07-27_leg_1.csv,Villacoublay-Velizy (BA 107) Air Base - Orleans   Saint-Denis-de-l'Hôtel Airport
Escadron de transport 60,F-RAFB,3b76b3,2022-07-26,2022-07-26 22:25:35.150000+00:00,2022-07-26 23:01:32.050000+00:00,35.93,36min,A/C in cruise,Cadjehoun Airport,A/C in cruise,DBBB,4.866524,6.046269,6.523087,2.602224,1.9,output/F-RAFB/2022-07-26/leg_1/F-RAFB_baro_2022-07-26_leg_1.csv,A/C in cruise - Cadjehoun Airport
Escadron de transport 60,F-RAFQ,3b77e4,2022-07-26,2022-07-26 12:19:22.230000+00:00,2022-07-26 13:02:20.640000+00:00,42.97,43min,Saint-Nazaire-Montoir Airport,Villacoublay-Velizy (BA 107) Air Base,LFRZ,LFPV,47.313263,-2.143845,48.774353,2.201773,1.9,output/F-RAFQ/2022-07-26/leg_4/F-RAFQ_baro_2022-07-26_leg_4.csv,Saint-Nazaire-Montoir Airport - Villacoublay-Velizy (BA 107) Air Base
Escadron de transport 60,F-RAFQ,3b77e4,2022-07-26,2022-07-26 11:32:03.250000+00:00,2022-07-26 12:04:12.210000+00:00,32.13,32min,La Rochelle-ÃŽle de Re Airport,Saint-Nazaire-Montoir Airport,LFBH,LFRZ,46.179541,-1.208359,47.315643,-2.132172,1.4,output/F-RAFQ/2022-07-26/leg_3/F-RAFQ_baro_2022-07-26_leg_3.csv,La Rochelle-ÃŽle de Re Airport - Saint-Nazaire-Montoir Airport
Escadron de transport 60,F-RAFP,3b77e5,2022-07-26,2022-07-26 11:18:34.090000+00:00,2022-07-26 22:54:30.210000+00:00,695.93,11h36min,Villacoublay-Velizy (BA 107) Air Base,Cadjehoun Airport,LFPV,DBBB,48.77449,2.206421,6.456888,2.575868,30.2,output/F-RAFP/2022-07-26/leg_1/F-RAFP_baro_2022-07-26_leg_1.csv,Villacoublay-Velizy (BA 107) Air Base - Cadjehoun Airport
Escadron de transport 60,F-RAFQ,3b77e4,2022-07-26,2022-07-26 09:54:36.740000+00:00,2022-07-26 10:32:07.760000+00:00,37.52,38min,Clermont-Ferrand Auvergne Airport,La Rochelle-ÃŽle de Re Airport,LFLC,LFBH,45.78785,3.181847,46.320175,-0.978264,1.6,output/F-RAFQ/2022-07-26/leg_2/F-RAFQ_baro_2022-07-26_leg_2.csv,Clermont-Ferrand Auvergne Airport - La Rochelle-ÃŽle de Re Airport
Escadron de transport 60,F-RAFC,3b76a5,2022-07-26,2022-07-26 09:25:43.160000+00:00,2022-07-26 10:28:11.860000+00:00,62.47,1h02min,Metz-Nancy-Lorraine Airport,Villacoublay-Velizy (BA 107) Air Base,LFJL,LFPV,48.976547,6.244389,48.774502,2.209625,3.2,output/F-RAFC/2022-07-26/leg_3/F-RAFC_baro_2022-07-26_leg_3.csv,Metz-Nancy-Lorraine Airport - Villacoublay-Velizy (BA 107) Air Base
Escadron de transport 60,F-RAFQ,3b77e4,2022-07-26,2022-07-26 08:50:35.160000+00:00,2022-07-26 09:39:11.020000+00:00,48.58,49min,EuroAirport Basel-Mulhouse-Freiburg Airport,Clermont-Ferrand Auvergne Airport,LFSB,LFLC,47.58989,7.529205,45.78685,3.171699,2.1,output/F-RAFQ/2022-07-26/leg_1/F-RAFQ_baro_2022-07-26_leg_1.csv,EuroAirport Basel-Mulhouse-Freiburg Airport - Clermont-Ferrand Auvergne Airport
Escadron de transport 60,F-RAFC,3b76a5,2022-07-26,2022-07-26 08:05:34.300000+00:00,2022-07-26 09:01:57.330000+00:00,56.38,56min,EuroAirport Basel-Mulhouse-Freiburg Airport,Metz-Nancy-Lorraine Airport,LFSB,LFJL,47.607903,7.516691,49.000168,6.273757,2.9,output/F-RAFC/2022-07-26/leg_2/F-RAFC_baro_2022-07-26_leg_2.csv,EuroAirport Basel-Mulhouse-Freiburg Airport - Metz-Nancy-Lorraine Airport
Escadron de transport 60,F-RAFC,3b76a5,2022-07-26,2022-07-26 06:37:22.020000+00:00,2022-07-26 07:27:02.990000+00:00,49.67,50min,Villacoublay-Velizy (BA 107) Air Base,EuroAirport Basel-Mulhouse-Freiburg Airport,LFPV,LFSB,48.774223,2.194447,47.600555,7.521858,2.6,output/F-RAFC/2022-07-26/leg_1/F-RAFC_baro_2022-07-26_leg_1.csv,Villacoublay-Velizy (BA 107) Air Base - EuroAirport Basel-Mulhouse-Freiburg Airport
Escadron de transport 60,F-RAFA,3b770d,2022-07-25,2022-07-25 15:35:29.930000+00:00,2022-07-25 16:38:23.900000+00:00,62.88,1h03min,Villacoublay-Velizy (BA 107) Air Base,Villacoublay-Velizy (BA 107) Air Base,LFPV,LFPV,48.774399,2.201632,48.774673,2.218957,3.3,output/F-RAFA/2022-07-25/leg_1/F-RAFA_baro_2022-07-25_leg_1.csv,Villacoublay-Velizy (BA 107) Air Base - Villacoublay-Velizy (BA 107) Air Base
Escadron de transport 60,F-RAFB,3b76b3,2022-07-25,2022-07-25 15:24:31.910000+00:00,2022-07-25 18:52:58.770000+00:00,208.43,3h28min,Paris-Orly Airport,A/C in cruise,LFPO,A/C in cruise,48.723481,2.380636,22.630634,10.501556,10.8,output/F-RAFB/2022-07-25/leg_2/F-RAFB_baro_2022-07-25_leg_2.csv,Paris-Orly Airport - A/C in cruise
Escadron de transport 60,F-RARF,3b76ae,2022-07-25,2022-07-25 15:22:07.340000+00:00,2022-07-25 21:10:23+00:00,348.25,5h48min,Paris-Orly Airport,A/C in cruise,LFPO,A/C in cruise,48.725017,2.38902,5.894508,12.454891,18.1,output/F-RARF/2022-07-25/leg_2/F-RARF_baro_2022-07-25_leg_2.csv,Paris-Orly Airport - A/C in cruise
Escadron de transport 60,F-RAFC,3b76a5,2022-07-25,2022-07-25 13:42:37.370000+00:00,2022-07-25 15:04:07+00:00,81.48,1h21min,Berlin-Schonefeld Airport,Villacoublay-Velizy (BA 107) Air Base,EDDB,LFPV,52.376761,13.523228,48.774502,2.209553,4.2,output/F-RAFC/2022-07-25/leg_1/F-RAFC_baro_2022-07-25_leg_1.csv,Berlin-Schonefeld Airport - Villacoublay-Velizy (BA 107) Air Base
Escadron de transport 60,F-RAFB,3b76b3,2022-07-25,2022-07-25 12:54:14.040000+00:00,2022-07-25 13:05:18.820000+00:00,11.07,11min,Villacoublay-Velizy (BA 107) Air Base,Paris-Orly Airport,LFPV,LFPO,48.774362,2.200663,48.725203,2.390032,0.6,output/F-RAFB/2022-07-25/leg_1/F-RAFB_baro_2022-07-25_leg_1.csv,Villacoublay-Velizy (BA 107) Air Base - Paris-Orly Airport
Escadron de transport 60,F-RARF,3b76ae,2022-07-25,2022-07-25 07:34:50.990000+00:00,2022-07-25 08:00:53.620000+00:00,26.03,26min,Évreux-Fauville (BA 105) Air Base,Paris-Orly Airport,LFOE,LFPO,49.021637,1.211031,48.723527,2.380853,1.4,output/F-RARF/2022-07-25/leg_1/F-RARF_baro_2022-07-25_leg_1.csv,Évreux-Fauville (BA 105) Air Base - Paris-Orly Airport
Escadron de transport 60,F-RAFC,3b76a5,2022-07-24,2022-07-24 16:02:40.380000+00:00,2022-07-24 17:19:55.110000+00:00,77.23,1h17min,Villacoublay-Velizy (BA 107) Air Base,Berlin-Schonefeld Airport,LFPV,EDDB,48.774261,2.195294,52.372897,13.506906,4.0,output/F-RAFC/2022-07-24/leg_1/F-RAFC_baro_2022-07-24_leg_1.csv,Villacoublay-Velizy (BA 107) Air Base - Berlin-Schonefeld Airport
Escadron de transport 60,F-RAFP,3b77e5,2022-07-24,2022-07-24 08:57:11.470000+00:00,2022-07-24 09:51:15.250000+00:00,54.05,54min,Châlons-Vatry Airport,Villacoublay-Velizy (BA 107) Air Base,LFOK,LFPV,48.775909,4.186284,48.774353,2.201843,2.3,output/F-RAFP/2022-07-24/leg_2/F-RAFP_baro_2022-07-24_leg_2.csv,Châlons-Vatry Airport - Villacoublay-Velizy (BA 107) Air Base
Escadron de transport 60,F-RAFP,3b77e5,2022-07-24,2022-07-24 07:37:40.520000+00:00,2022-07-24 08:27:03.430000+00:00,49.37,49min,Villacoublay-Velizy (BA 107) Air Base,Châlons-Vatry Airport,LFPV,LFOK,48.774399,2.202688,48.779068,4.16248,2.1,output/F-RAFP/2022-07-24/leg_1/F-RAFP_baro_2022-07-24_leg_1.csv,Villacoublay-Velizy (BA 107) Air Base - Châlons-Vatry Airport
Escadron de transport 60,F-RAFP,3b77e5,2022-07-23,2022-07-23 16:25:56.550000+00:00,2022-07-23 17:27:43.320000+00:00,61.77,1h02min,Marseille Provence Airport,Villacoublay-Velizy (BA 107) Air Base,LFML,LFPV,43.447266,5.194617,48.774362,2.202759,2.7,output/F-RAFP/2022-07-23/leg_3/F-RAFP_baro_2022-07-23_leg_3.csv,Marseille Provence Airport - Villacoublay-Velizy (BA 107) Air Base
Escadron de transport 60,F-RAFP,3b77e5,2022-07-23,2022-07-23 15:09:12.730000+00:00,2022-07-23 15:48:01.660000+00:00,38.8,39min,Figari Sud-Corse Airport,Marseille Provence Airport,LFKF,LFML,41.486051,9.076687,43.405772,5.259051,1.7,output/F-RAFP/2022-07-23/leg_2/F-RAFP_baro_2022-07-23_leg_2.csv,Figari Sud-Corse Airport - Marseille Provence Airport
Escadron de transport 60,F-RAFP,3b77e5,2022-07-23,2022-07-23 12:51:43.330000+00:00,2022-07-23 13:02:56.010000+00:00,11.2,11min,Ajaccio-Napoleon Bonaparte Airport,Figari Sud-Corse Airport,LFKJ,LFKF,41.770113,8.656013,41.535461,9.145494,0.5,output/F-RAFP/2022-07-23/leg_1/F-RAFP_baro_2022-07-23_leg_1.csv,Ajaccio-Napoleon Bonaparte Airport - Figari Sud-Corse Airport
Escadron de transport 60,F-RAFC,3b76a5,2022-07-23,2022-07-23 08:52:10.710000+00:00,2022-07-23 10:57:31.460000+00:00,125.33,2h05min,Villacoublay-Velizy (BA 107) Air Base,Villacoublay-Velizy (BA 107) Air Base,LFPV,LFPV,48.774261,2.195294,48.774582,2.21128,6.5,output/F-RAFC/2022-07-23/leg_1/F-RAFC_baro_2022-07-23_leg_1.csv,Villacoublay-Velizy (BA 107) Air Base - Villacoublay-Velizy (BA 107) Air Base
Escadron de transport 60,F-RAFB,3b76b3,2022-07-22,2022-07-22 19:15:18.830000+00:00,2022-07-22 19:58:26.240000+00:00,43.12,43min,Lyon-Bron Airport,Villacoublay-Velizy (BA 107) Air Base,LFLY,LFPV,45.72696,4.944397,48.774502,2.207746,2.2,output/F-RAFB/2022-07-22/leg_2/F-RAFB_baro_2022-07-22_leg_2.csv,Lyon-Bron Airport - Villacoublay-Velizy (BA 107) Air Base
Escadron de transport 60,F-RAFP,3b77e5,2022-07-22,2022-07-22 14:18:16.620000+00:00,2022-07-22 14:37:01.480000+00:00,18.73,19min,Bastia-Poretta Airport,Ajaccio-Napoleon Bonaparte Airport,LFKB,LFKJ,42.712646,9.604922,41.966537,8.811722,0.8,output/F-RAFP/2022-07-22/leg_2/F-RAFP_baro_2022-07-22_leg_2.csv,Bastia-Poretta Airport - Ajaccio-Napoleon Bonaparte Airport
Escadron de transport 60,F-RAFB,3b76b3,2022-07-22,2022-07-22 14:13:56.370000+00:00,2022-07-22 15:00:31.900000+00:00,46.58,47min,Villacoublay-Velizy (BA 107) Air Base,Lyon-Bron Airport,LFPV,LFLY,48.774409,2.204277,45.7229,4.946058,2.4,output/F-RAFB/2022-07-22/leg_1/F-RAFB_baro_2022-07-22_leg_1.csv,Villacoublay-Velizy (BA 107) Air Base - Lyon-Bron Airport
Escadron de transport 60,F-RAFP,3b77e5,2022-07-22,2022-07-22 05:13:02.450000+00:00,2022-07-22 06:33:26.810000+00:00,80.4,1h20min,Villacoublay-Velizy (BA 107) Air Base,Bastia-Poretta Airport,LFPV,LFKB,48.774362,2.202759,42.56488,9.478579,3.5,output/F-RAFP/2022-07-22/leg_1/F-RAFP_baro_2022-07-22_leg_1.csv,Villacoublay-Velizy (BA 107) Air Base - Bastia-Poretta Airport
Escadron de transport 60,F-RAFB,3b76b3,2022-07-21,2022-07-21 19:17:04.440000+00:00,2022-07-21 20:13:32.250000+00:00,56.45,56min,Tarbes-Lourdes-Pyrenees Airport,Villacoublay-Velizy (BA 107) Air Base,LFBT,LFPV,43.168762,-0.011306,48.77417,2.189448,2.9,output/F-RAFB/2022-07-21/leg_1/F-RAFB_baro_2022-07-21_leg_1.csv,Tarbes-Lourdes-Pyrenees Airport - Villacoublay-Velizy (BA 107) Air Base
Escadron de transport 60,F-RAFA,3b770d,2022-07-20,2022-07-20 18:52:58.470000+00:00,2022-07-20 19:44:10.820000+00:00,51.2,51min,Bordeaux-Merignac Airport,Villacoublay-Velizy (BA 107) Air Base,LFBD,LFPV,44.833157,-0.708886,48.774445,2.206421,2.7,output/F-RAFA/2022-07-20/leg_3/F-RAFA_baro_2022-07-20_leg_3.csv,Bordeaux-Merignac Airport - Villacoublay-Velizy (BA 107) Air Base
Escadron de transport 60,F-RAFB,3b76b3,2022-07-20,2022-07-20 18:51:06.940000+00:00,2022-07-20 19:17:31.700000+00:00,26.4,26min,Bordeaux-Merignac Airport,Tarbes-Lourdes-Pyrenees Airport,LFBD,LFBT,44.832092,-0.710384,43.193401,0.001177,1.4,output/F-RAFB/2022-07-20/leg_3/F-RAFB_baro_2022-07-20_leg_3.csv,Bordeaux-Merignac Airport - Tarbes-Lourdes-Pyrenees Airport
SECURITE CIVILE,F-ZBFS,3b7b6e,2022-07-20,2022-07-20 18:14:01.220000+00:00,2022-07-20 18:59:41.730000+00:00,45.67,46min,Bordeaux-Merignac Airport,Albi-Le Sequestre Airport,LFBD,LFCI,44.804208,-0.738195,43.942862,2.138418,0.0,output/F-ZBFS/2022-07-20/leg_4/F-ZBFS_baro_2022-07-20_leg_4.csv,Bordeaux-Merignac Airport - Albi-Le Sequestre Airport
SECURITE CIVILE,F-ZBFS,3b7b6e,2022-07-20,2022-07-20 16:56:13.250000+00:00,2022-07-20 16:58:20.650000+00:00,2.12,2min,Bordeaux-Merignac Airport,Bordeaux-Merignac Airport,LFBD,LFBD,44.769575,-0.78601,44.824999,-0.698557,0.0,output/F-ZBFS/2022-07-20/leg_3/F-ZBFS_baro_2022-07-20_leg_3.csv,Bordeaux-Merignac Airport - Bordeaux-Merignac Airport
SECURITE CIVILE,F-ZBFS,3b7b6e,2022-07-20,2022-07-20 13:56:38.680000+00:00,2022-07-20 14:03:27.640000+00:00,6.8,7min,Bordeaux-Merignac Airport,Bordeaux-Merignac Airport,LFBD,LFBD,44.836266,-0.746978,44.658025,-1.070286,0.0,output/F-ZBFS/2022-07-20/leg_2/F-ZBFS_baro_2022-07-20_leg_2.csv,Bordeaux-Merignac Airport - Bordeaux-Merignac Airport
Escadron de transport 60,F-RAFB,3b76b3,2022-07-20,2022-07-20 13:55:21.560000+00:00,2022-07-20 14:12:13.120000+00:00,16.85,17min,Bordeaux-Merignac Airport,Bordeaux-Merignac Airport,LFBD,LFBD,44.531662,-1.130153,44.834414,-0.707077,0.9,output/F-RAFB/2022-07-20/leg_2/F-RAFB_baro_2022-07-20_leg_2.csv,Bordeaux-Merignac Airport - Bordeaux-Merignac Airport
Escadron de transport 60,F-RAFA,3b770d,2022-07-20,2022-07-20 13:50:12.280000+00:00,2022-07-20 14:08:13+00:00,18.0,18min,Bordeaux-Merignac Airport,Bordeaux-Merignac Airport,LFBD,LFBD,44.532715,-1.127799,44.835345,-0.705738,0.9,output/F-RAFA/2022-07-20/leg_2/F-RAFA_baro_2022-07-20_leg_2.csv,Bordeaux-Merignac Airport - Bordeaux-Merignac Airport
Escadron de transport 60,F-RAFA,3b770d,2022-07-20,2022-07-20 12:16:41.290000+00:00,2022-07-20 13:04:54.800000+00:00,48.22,48min,Villacoublay-Velizy (BA 107) Air Base,Bordeaux-Merignac Airport,LFPV,LFBD,48.774362,2.199795,44.541458,-1.109619,2.5,output/F-RAFA/2022-07-20/leg_1/F-RAFA_baro_2022-07-20_leg_1.csv,Villacoublay-Velizy (BA 107) Air Base - Bordeaux-Merignac Airport
Escadron de transport 60,F-RAFB,3b76b3,2022-07-20,2022-07-20 12:14:21.990000+00:00,2022-07-20 13:08:53.970000+00:00,54.52,55min,Villacoublay-Velizy (BA 107) Air Base,Bordeaux-Merignac Airport,LFPV,LFBD,48.774269,2.197699,44.54146,-1.109485,2.8,output/F-RAFB/2022-07-20/leg_1/F-RAFB_baro_2022-07-20_leg_1.csv,Villacoublay-Velizy (BA 107) Air Base - Bordeaux-Merignac Airport
Escadron de transport 60,F-RAFC,3b76a5,2022-07-20,2022-07-20 12:12:56.790000+00:00,2022-07-20 17:44:59.190000+00:00,332.03,5h32min,Osvaldo Vieira International Airport,Villacoublay-Velizy (BA 107) Air Base,GGOV,LFPV,11.984848,-15.486508,48.774536,2.210294,17.3,output/F-RAFC/2022-07-20/leg_1/F-RAFC_baro_2022-07-20_leg_1.csv,Osvaldo Vieira International Airport - Villacoublay-Velizy (BA 107) Air Base
SECURITE CIVILE,F-ZBFS,3b7b6e,2022-07-20,2022-07-20 09:08:39.070000+00:00,2022-07-20 09:10:32.870000+00:00,1.88,2min,Bordeaux-Merignac Airport,Bordeaux-Merignac Airport,LFBD,LFBD,44.75837,-0.784868,44.821901,-0.693136,0.0,output/F-ZBFS/2022-07-20/leg_1/F-ZBFS_baro_2022-07-20_leg_1.csv,Bordeaux-Merignac Airport - Bordeaux-Merignac Airport
SECURITE CIVILE,F-ZBFS,3b7b6e,2022-07-19,2022-07-19 16:08:13.100000+00:00,2022-07-19 16:55:32.900000+00:00,47.32,47min,Bordeaux-Merignac Airport,Bordeaux-Merignac Airport,LFBD,LFBD,44.655927,-0.477813,44.823237,-0.695458,0.0,output/F-ZBFS/2022-07-19/leg_3/F-ZBFS_baro_2022-07-19_leg_3.csv,Bordeaux-Merignac Airport - Bordeaux-Merignac Airport
SECURITE CIVILE,F-ZBFS,3b7b6e,2022-07-19,2022-07-19 14:00:53.200000+00:00,2022-07-19 14:04:23.200000+00:00,3.5,4min,Bordeaux-Merignac Airport,Bordeaux-Merignac Airport,LFBD,LFBD,44.808395,-0.718908,44.73642,-0.485804,0.0,output/F-ZBFS/2022-07-19/leg_2/F-ZBFS_baro_2022-07-19_leg_2.csv,Bordeaux-Merignac Airport - Bordeaux-Merignac Airport
Escadron de transport 60,F-RAFC,3b76a5,2022-07-19,2022-07-19 11:57:28+00:00,2022-07-19 17:31:33.300000+00:00,334.08,5h34min,Villacoublay-Velizy (BA 107) Air Base,A/C in cruise,LFPV,A/C in cruise,48.774399,2.201562,12.585956,-14.941984,17.4,output/F-RAFC/2022-07-19/leg_1/F-RAFC_baro_2022-07-19_leg_1.csv,Villacoublay-Velizy (BA 107) Air Base - A/C in cruise
SECURITE CIVILE,F-ZBFS,3b7b6e,2022-07-19,2022-07-19 10:40:03+00:00,2022-07-19 10:43:39.400000+00:00,3.6,4min,Bordeaux-Merignac Airport,Bordeaux-Merignac Airport,LFBD,LFBD,44.669991,-0.664096,44.825133,-0.698733,0.0,output/F-ZBFS/2022-07-19/leg_1/F-ZBFS_baro_2022-07-19_leg_1.csv,Bordeaux-Merignac Airport - Bordeaux-Merignac Airport
Escadron de transport 60,F-RAFC,3b76a5,2022-07-18,2022-07-18 15:31:22.900000+00:00,2022-07-18 16:13:09.600000+00:00,41.77,42min,Farnborough Airport,Villacoublay-Velizy (BA 107) Air Base,EGLF,LFPV,51.278412,-0.768449,48.77449,2.206773,2.2,output/F-RAFC/2022-07-18/leg_2/F-RAFC_baro_2022-07-18_leg_2.csv,Farnborough Airport - Villacoublay-Velizy (BA 107) Air Base
Escadron de transport 60,F-RAFP,3b77e5,2022-07-18,2022-07-18 12:04:46.600000+00:00,2022-07-18 14:03:11.600000+00:00,118.42,1h58min,Sevilla Airport,Villacoublay-Velizy (BA 107) Air Base,LEZL,LFPV,37.417572,-5.900016,48.774176,2.191411,5.1,output/F-RAFP/2022-07-18/leg_3/F-RAFP_baro_2022-07-18_leg_3.csv,Sevilla Airport - Villacoublay-Velizy (BA 107) Air Base
Escadron de transport 60,F-RAFP,3b77e5,2022-07-18,2022-07-18 09:13:55+00:00,2022-07-18 11:16:58.800000+00:00,123.05,2h03min,Orleans   Saint-Denis-de-l'Hôtel Airport,Sevilla Airport,LFOZ,LEZL,47.99019,1.769926,37.418084,-5.852429,5.3,output/F-RAFP/2022-07-18/leg_2/F-RAFP_baro_2022-07-18_leg_2.csv,Orleans   Saint-Denis-de-l'Hôtel Airport - Sevilla Airport
Escadron de transport 60,F-RAFC,3b76a5,2022-07-18,2022-07-18 07:39:19.300000+00:00,2022-07-18 08:25:37.300000+00:00,46.3,46min,Villacoublay-Velizy (BA 107) Air Base,Farnborough Airport,LFPV,EGLF,48.774362,2.20088,51.273239,-0.784112,2.4,output/F-RAFC/2022-07-18/leg_1/F-RAFC_baro_2022-07-18_leg_1.csv,Villacoublay-Velizy (BA 107) Air Base - Farnborough Airport
Escadron de transport 60,F-RAFP,3b77e5,2022-07-18,2022-07-18 07:08:49.400000+00:00,2022-07-18 07:32:18.700000+00:00,23.48,23min,Villacoublay-Velizy (BA 107) Air Base,Orleans   Saint-Denis-de-l'Hôtel Airport,LFPV,LFOZ,48.774316,2.199579,47.98209,1.738516,1.0,output/F-RAFP/2022-07-18/leg_1/F-RAFP_baro_2022-07-18_leg_1.csv,Villacoublay-Velizy (BA 107) Air Base - Orleans   Saint-Denis-de-l'Hôtel Airport
SECURITE CIVILE,F-ZBFS,3b7b6e,2022-07-16,2022-07-16 15:43:55+00:00,2022-07-16 16:26:06+00:00,42.18,42min,Bordeaux-Merignac Airport,Albi-Le Sequestre Airport,LFBD,LFCI,44.509809,-0.942381,44.101751,2.095037,0.0,output/F-ZBFS/2022-07-16/leg_4/F-ZBFS_baro_2022-07-16_leg_4.csv,Bordeaux-Merignac Airport - Albi-Le Sequestre Airport
Escadron de transport 60,F-RAFD,3b76a4,2022-07-16,2022-07-16 14:42:42.900000+00:00,2022-07-16 20:30:13.600000+00:00,347.5,5h48min,Cadjehoun Airport,Villacoublay-Velizy (BA 107) Air Base,DBBB,LFPV,6.401001,2.325703,48.774409,2.203554,18.1,output/F-RAFD/2022-07-16/leg_2/F-RAFD_baro_2022-07-16_leg_2.csv,Cadjehoun Airport - Villacoublay-Velizy (BA 107) Air Base
SECURITE CIVILE,F-ZBFS,3b7b6e,2022-07-16,2022-07-16 12:32:30.900000+00:00,2022-07-16 12:41:29.900000+00:00,8.98,9min,Bordeaux-Merignac Airport,Bordeaux-Merignac Airport,LFBD,LFBD,44.843513,-0.689603,44.563711,-1.090028,0.0,output/F-ZBFS/2022-07-16/leg_3/F-ZBFS_baro_2022-07-16_leg_3.csv,Bordeaux-Merignac Airport - Bordeaux-Merignac Airport
SECURITE CIVILE,F-ZBFS,3b7b6e,2022-07-16,2022-07-16 10:33:58.400000+00:00,2022-07-16 10:38:55.700000+00:00,4.95,5min,Bordeaux-Merignac Airport,Bordeaux-Merignac Airport,LFBD,LFBD,44.630341,-0.548139,44.810345,-0.741072,0.0,output/F-ZBFS/2022-07-16/leg_2/F-ZBFS_baro_2022-07-16_leg_2.csv,Bordeaux-Merignac Airport - Bordeaux-Merignac Airport
Escadron de transport 60,F-RAFP,3b77e5,2022-07-16,2022-07-16 08:31:48.100000+00:00,2022-07-16 14:54:50.500000+00:00,383.03,6h23min,Port Bouet Airport,Villacoublay-Velizy (BA 107) Air Base,DIAP,LFPV,5.269043,-3.922678,48.774269,2.197338,16.6,output/F-RAFP/2022-07-16/leg_2/F-RAFP_baro_2022-07-16_leg_2.csv,Port Bouet Airport - Villacoublay-Velizy (BA 107) Air Base
SECURITE CIVILE,F-ZBFS,3b7b6e,2022-07-16,2022-07-16 07:58:48.800000+00:00,2022-07-16 08:47:06.400000+00:00,48.28,48min,Castres-Mazamet Airport,Bordeaux-Merignac Airport,LFCK,LFBD,43.891628,2.545203,44.550548,-0.613325,0.0,output/F-ZBFS/2022-07-16/leg_1/F-ZBFS_baro_2022-07-16_leg_1.csv,Castres-Mazamet Airport - Bordeaux-Merignac Airport
Escadron de transport 60,F-RAFP,3b77e5,2022-07-16,2022-07-16 06:38:20.500000+00:00,2022-07-16 07:24:51.500000+00:00,46.52,47min,A/C in cruise,Port Bouet Airport,A/C in cruise,DIAP,9.244137,-0.992546,5.264732,-3.92444,2.0,output/F-RAFP/2022-07-16/leg_1/F-RAFP_baro_2022-07-16_leg_1.csv,A/C in cruise - Port Bouet Airport
Escadron de transport 60,F-RAFD,3b76a4,2022-07-16,2022-07-16 05:50:10.700000+00:00,2022-07-16 11:37:36.900000+00:00,347.43,5h47min,Villacoublay-Velizy (BA 107) Air Base,Cadjehoun Airport,LFPV,DBBB,48.774307,2.197477,6.354904,2.381287,18.1,output/F-RAFD/2022-07-16/leg_1/F-RAFD_baro_2022-07-16_leg_1.csv,Villacoublay-Velizy (BA 107) Air Base - Cadjehoun Airport
Escadron de transport 60,F-RAFC,3b76a5,2022-07-16,2022-07-16 01:05:23.600000+00:00,2022-07-16 02:57:39.400000+00:00,112.25,1h52min,A/C in cruise,Villacoublay-Velizy (BA 107) Air Base,A/C in cruise,LFPV,36.525631,6.340689,48.774455,2.204783,5.8,output/F-RAFC/2022-07-16/leg_1/F-RAFC_baro_2022-07-16_leg_1.csv,A/C in cruise - Villacoublay-Velizy (BA 107) Air Base
Escadron de transport 60,F-RAFC,3b76a5,2022-07-15,2022-07-15 22:54:48.500000+00:00,2022-07-15 23:35:54.400000+00:00,41.08,41min,A/C in cruise,A/C in cruise,A/C in cruise,A/C in cruise,19.819508,4.400711,24.976215,6.003342,2.1,output/F-RAFC/2022-07-15/leg_1/F-RAFC_baro_2022-07-15_leg_1.csv,A/C in cruise - A/C in cruise
SECURITE CIVILE,F-ZBFS,3b7b6e,2022-07-15,2022-07-15 14:59:11.800000+00:00,2022-07-15 15:37:36.300000+00:00,38.4,38min,Bordeaux-Merignac Airport,Albi-Le Sequestre Airport,LFBD,LFCI,44.61129,-0.283835,44.061769,2.379838,0.0,output/F-ZBFS/2022-07-15/leg_1/F-ZBFS_baro_2022-07-15_leg_1.csv,Bordeaux-Merignac Airport - Albi-Le Sequestre Airport
Escadron de transport 60,F-RARF,3b76ae,2022-07-15,2022-07-15 13:21:18.100000+00:00,2022-07-15 19:13:26.700000+00:00,352.13,5h52min,Cadjehoun Airport,Évreux-Fauville (BA 105) Air Base,DBBB,LFOE,6.501951,2.349417,49.017691,1.205966,18.3,output/F-RARF/2022-07-15/leg_1/F-RARF_baro_2022-07-15_leg_1.csv,Cadjehoun Airport - Évreux-Fauville (BA 105) Air Base
SECURITE CIVILE,F-ZBFS,3b7b6e,2022-07-14,2022-07-14 19:39:46+00:00,2022-07-14 19:42:15.400000+00:00,2.48,2min,Bordeaux-Merignac Airport,Bordeaux-Merignac Airport,LFBD,LFBD,44.757782,-0.841546,44.812027,-0.739489,0.0,output/F-ZBFS/2022-07-14/leg_1/F-ZBFS_baro_2022-07-14_leg_1.csv,Bordeaux-Merignac Airport - Bordeaux-Merignac Airport
Escadron de transport 60,F-RAFC,3b76a5,2022-07-14,2022-07-14 16:02:08.900000+00:00,2022-07-14 19:43:03.200000+00:00,220.9,3h41min,Villacoublay-Velizy (BA 107) Air Base,A/C in cruise,LFPV,A/C in cruise,48.774536,2.210365,20.471306,3.559227,11.5,output/F-RAFC/2022-07-14/leg_1/F-RAFC_baro_2022-07-14_leg_1.csv,Villacoublay-Velizy (BA 107) Air Base - A/C in cruise
Escadron de transport 60,F-RAFP,3b77e5,2022-07-14,2022-07-14 15:57:00.100000+00:00,2022-07-14 19:47:22.800000+00:00,230.37,3h50min,Villacoublay-Velizy (BA 107) Air Base,A/C in cruise,LFPV,A/C in cruise,48.774445,2.205928,20.477142,3.559055,10.0,output/F-RAFP/2022-07-14/leg_1/F-RAFP_baro_2022-07-14_leg_1.csv,Villacoublay-Velizy (BA 107) Air Base - A/C in cruise
Escadron de transport 60,F-RARF,3b76ae,2022-07-14,2022-07-14 15:29:16.700000+00:00,2022-07-14 15:49:15.700000+00:00,19.98,20min,Yaounde Nsimalen International Airport,A/C in cruise,FKYS,A/C in cruise,3.717957,11.55259,3.983894,9.540111,1.0,output/F-RARF/2022-07-14/leg_1/F-RARF_baro_2022-07-14_leg_1.csv,Yaounde Nsimalen International Airport - A/C in cruise
Escadron de transport 60,F-RAFA,3b770d,2022-07-13,2022-07-13 17:55:30.600000+00:00,2022-07-13 18:49:59.900000+00:00,54.48,54min,Bordeaux-Merignac Airport,Villacoublay-Velizy (BA 107) Air Base,LFBD,LFPV,44.536469,-1.119952,48.77449,2.208041,2.8,output/F-RAFA/2022-07-13/leg_2/F-RAFA_baro_2022-07-13_leg_2.csv,Bordeaux-Merignac Airport - Villacoublay-Velizy (BA 107) Air Base
SECURITE CIVILE,F-ZBFS,3b7b6e,2022-07-13,2022-07-13 17:08:46.500000+00:00,2022-07-13 17:49:32.900000+00:00,40.77,41min,Bordeaux-Merignac Airport,Rodez-Marcillac Airport,LFBD,LFCR,44.685572,-0.228535,44.213722,2.553049,0.0,output/F-ZBFS/2022-07-13/leg_1/F-ZBFS_baro_2022-07-13_leg_1.csv,Bordeaux-Merignac Airport - Rodez-Marcillac Airport
Escadron de transport 60,F-RAFA,3b770d,2022-07-13,2022-07-13 15:59:49.300000+00:00,2022-07-13 16:51:03.400000+00:00,51.23,51min,Villacoublay-Velizy (BA 107) Air Base,Bordeaux-Merignac Airport,LFPV,LFBD,48.774362,2.201385,44.525345,-1.14369,2.7,output/F-RAFA/2022-07-13/leg_1/F-RAFA_baro_2022-07-13_leg_1.csv,Villacoublay-Velizy (BA 107) Air Base - Bordeaux-Merignac Airport
Escadron de transport 60,F-RARF,3b76ae,2022-07-13,2022-07-13 00:00:34.400000+00:00,2022-07-13 03:49:53.900000+00:00,229.32,3h49min,A/C in cruise,A/C in cruise,A/C in cruise,A/C in cruise,36.398683,3.839254,8.676624,13.114758,11.9,output/F-RARF/2022-07-13/leg_1/F-RARF_baro_2022-07-13_leg_1.csv,A/C in cruise - A/C in cruise
Escadron de transport 60,F-RARF,3b76ae,2022-07-12,2022-07-12 22:17:05+00:00,2022-07-12 23:59:55+00:00,102.83,1h43min,Évreux-Fauville (BA 105) Air Base,A/C in cruise,LFOE,A/C in cruise,49.02063,1.209693,36.482896,3.809685,5.3,output/F-RARF/2022-07-12/leg_3/F-RARF_baro_2022-07-12_leg_3.csv,Évreux-Fauville (BA 105) Air Base - A/C in cruise
Escadron de transport 60,F-RAFA,3b770d,2022-07-12,2022-07-12 14:17:46.300000+00:00,2022-07-12 15:10:41.400000+00:00,52.92,53min,Grenoble-Isère Airport,Villacoublay-Velizy (BA 107) Air Base,LFLS,LFPV,45.362642,5.362266,48.774176,2.190327,2.8,output/F-RAFA/2022-07-12/leg_2/F-RAFA_baro_2022-07-12_leg_2.csv,Grenoble-Isère Airport - Villacoublay-Velizy (BA 107) Air Base
Escadron de transport 60,F-RAFC,3b76a5,2022-07-12,2022-07-12 10:07:48.300000+00:00,2022-07-12 11:29:28.800000+00:00,81.67,1h22min,Vaclav Havel Airport Prague,Villacoublay-Velizy (BA 107) Air Base,LKPR,LFPV,50.103195,14.230764,48.774502,2.208252,4.2,output/F-RAFC/2022-07-12/leg_1/F-RAFC_baro_2022-07-12_leg_1.csv,Vaclav Havel Airport Prague - Villacoublay-Velizy (BA 107) Air Base
Escadron de transport 60,F-RAFB,3b76b3,2022-07-12,2022-07-12 08:30:06.300000+00:00,2022-07-12 15:08:12.500000+00:00,398.1,6h38min,Villacoublay-Velizy (BA 107) Air Base,Villacoublay-Velizy (BA 107) Air Base,LFPV,LFPV,48.774455,2.204855,48.77417,2.190927,20.7,output/F-RAFB/2022-07-12/leg_1/F-RAFB_baro_2022-07-12_leg_1.csv,Villacoublay-Velizy (BA 107) Air Base - Villacoublay-Velizy (BA 107) Air Base
Escadron de transport 60,F-RAFA,3b770d,2022-07-12,2022-07-12 08:27:23.700000+00:00,2022-07-12 09:11:35+00:00,44.18,44min,Villacoublay-Velizy (BA 107) Air Base,Grenoble-Isère Airport,LFPV,LFLS,48.774409,2.204566,45.363235,5.185481,2.3,output/F-RAFA/2022-07-12/leg_1/F-RAFA_baro_2022-07-12_leg_1.csv,Villacoublay-Velizy (BA 107) Air Base - Grenoble-Isère Airport
Escadron de transport 60,F-RARF,3b76ae,2022-07-12,2022-07-12 04:55:16.700000+00:00,2022-07-12 09:56:12.800000+00:00,300.93,5h01min,Goose Bay Airport,Évreux-Fauville (BA 105) Air Base,CYYR,LFOE,53.319397,-60.410264,49.040408,1.234805,15.6,output/F-RARF/2022-07-12/leg_2/F-RARF_baro_2022-07-12_leg_2.csv,Goose Bay Airport - Évreux-Fauville (BA 105) Air Base
Escadron de transport 60,F-RARF,3b76ae,2022-07-12,2022-07-12 00:13:17.500000+00:00,2022-07-12 04:26:06.700000+00:00,252.82,4h13min,A/C in cruise,Goose Bay Airport,A/C in cruise,CYYR,65.667686,-124.215202,53.291382,-60.478088,13.1,output/F-RARF/2022-07-12/leg_1/F-RARF_baro_2022-07-12_leg_1.csv,A/C in cruise - Goose Bay Airport
Escadron de transport 60,F-RARF,3b76ae,2022-07-11,2022-07-11 22:27:41.200000+00:00,2022-07-11 23:54:21.500000+00:00,86.67,1h27min,Ted Stevens Anchorage International Airport,A/C in cruise,PANC,A/C in cruise,61.167872,-149.987284,65.00164,-129.986115,4.5,output/F-RARF/2022-07-11/leg_1/F-RARF_baro_2022-07-11_leg_1.csv,Ted Stevens Anchorage International Airport - A/C in cruise
Escadron de transport 60,F-RAFC,3b76a5,2022-07-11,2022-07-11 14:36:37.800000+00:00,2022-07-11 15:54:25.300000+00:00,77.78,1h18min,Villacoublay-Velizy (BA 107) Air Base,Vaclav Havel Airport Prague,LFPV,LKPR,48.774399,2.202195,50.110657,14.2557,4.0,output/F-RAFC/2022-07-11/leg_1/F-RAFC_baro_2022-07-11_leg_1.csv,Villacoublay-Velizy (BA 107) Air Base - Vaclav Havel Airport Prague
Escadron de transport 60,F-RAFP,3b77e5,2022-07-11,2022-07-11 13:55:58.600000+00:00,2022-07-11 15:22:52.500000+00:00,86.88,1h27min,Vaclav Havel Airport Prague,Villacoublay-Velizy (BA 107) Air Base,LKPR,LFPV,50.112762,14.262784,48.774083,2.18599,3.8,output/F-RAFP/2022-07-11/leg_2/F-RAFP_baro_2022-07-11_leg_2.csv,Vaclav Havel Airport Prague - Villacoublay-Velizy (BA 107) Air Base
Escadron de transport 60,F-RAFQ,3b77e4,2022-07-11,2022-07-11 06:09:51.300000+00:00,2022-07-11 06:55:50.300000+00:00,45.98,46min,Villacoublay-Velizy (BA 107) Air Base,EuroAirport Basel-Mulhouse-Freiburg Airport,LFPV,LFSB,48.774353,2.201773,47.608658,7.516159,2.0,output/F-RAFQ/2022-07-11/leg_1/F-RAFQ_baro_2022-07-11_leg_1.csv,Villacoublay-Velizy (BA 107) Air Base - EuroAirport Basel-Mulhouse-Freiburg Airport
Escadron de transport 60,F-RAFP,3b77e5,2022-07-10,2022-07-10 17:51:53.300000+00:00,2022-07-10 19:12:45.400000+00:00,80.87,1h21min,Villacoublay-Velizy (BA 107) Air Base,Vaclav Havel Airport Prague,LFPV,LKPR,48.774353,2.201139,50.112167,14.26076,3.5,output/F-RAFP/2022-07-10/leg_1/F-RAFP_baro_2022-07-10_leg_1.csv,Villacoublay-Velizy (BA 107) Air Base - Vaclav Havel Airport Prague
Escadron de transport 60,F-RARF,3b76ae,2022-07-10,2022-07-10 11:13:29.800000+00:00,2022-07-10 20:06:06.700000+00:00,532.6,8h53min,Évreux-Fauville (BA 105) Air Base,Ted Stevens Anchorage International Airport,LFOE,PANC,49.036964,1.230469,61.167847,-150.017722,27.7,output/F-RARF/2022-07-10/leg_1/F-RARF_baro_2022-07-10_leg_1.csv,Évreux-Fauville (BA 105) Air Base - Ted Stevens Anchorage International Airport
Escadron de transport 60,F-RAFD,3b76a4,2022-07-10,2022-07-10 09:40:51.300000+00:00,2022-07-10 20:46:12.600000+00:00,665.35,11h05min,Villacoublay-Velizy (BA 107) Air Base,Villacoublay-Velizy (BA 107) Air Base,LFPV,LFPV,48.774353,2.201702,48.774445,2.205857,34.6,output/F-RAFD/2022-07-10/leg_1/F-RAFD_baro_2022-07-10_leg_1.csv,Villacoublay-Velizy (BA 107) Air Base - Villacoublay-Velizy (BA 107) Air Base
Escadron de transport 60,F-RAFB,3b76b3,2022-07-09,2022-07-09 20:40:54.200000+00:00,2022-07-09 21:39:09.100000+00:00,58.23,58min,Avignon-Caumont Airport,Villacoublay-Velizy (BA 107) Air Base,LFMV,LFPV,43.930788,4.900949,48.774176,2.191339,3.0,output/F-RAFB/2022-07-09/leg_3/F-RAFB_baro_2022-07-09_leg_3.csv,Avignon-Caumont Airport - Villacoublay-Velizy (BA 107) Air Base
Escadron de transport 60,F-RAFB,3b76b3,2022-07-09,2022-07-09 17:40:24.500000+00:00,2022-07-09 17:48:18.100000+00:00,7.88,8min,Marseille Provence Airport,Avignon-Caumont Airport,LFML,LFMV,43.510391,5.362861,43.844992,4.94097,0.4,output/F-RAFB/2022-07-09/leg_2/F-RAFB_baro_2022-07-09_leg_2.csv,Marseille Provence Airport - Avignon-Caumont Airport
Escadron de transport 60,F-RAFB,3b76b3,2022-07-09,2022-07-09 09:36:45.800000+00:00,2022-07-09 10:28:39.500000+00:00,51.88,52min,Villacoublay-Velizy (BA 107) Air Base,Marseille Provence Airport,LFPV,LFML,48.774399,2.203674,43.518356,5.355196,2.7,output/F-RAFB/2022-07-09/leg_1/F-RAFB_baro_2022-07-09_leg_1.csv,Villacoublay-Velizy (BA 107) Air Base - Marseille Provence Airport
Escadron de transport 60,F-RAFP,3b77e5,2022-07-08,2022-07-08 15:11:25.490000+00:00,2022-07-08 20:20:00.190000+00:00,308.57,5h09min,St Pierre Airport,Villacoublay-Velizy (BA 107) Air Base,LFVP,LFPV,46.72879,-56.168473,48.774353,2.200435,13.4,output/F-RAFP/2022-07-08/leg_2/F-RAFP_baro_2022-07-08_leg_2.csv,St Pierre Airport - Villacoublay-Velizy (BA 107) Air Base
Escadron de transport 60,F-RAFP,3b77e5,2022-07-08,2022-07-08 12:23:22.090000+00:00,2022-07-08 14:07:06.290000+00:00,103.73,1h44min,Westchester County Airport,Miquelon Airport,KHPN,LFVM,41.065638,-73.705652,46.741054,-56.720146,4.5,output/F-RAFP/2022-07-08/leg_1/F-RAFP_baro_2022-07-08_leg_1.csv,Westchester County Airport - Miquelon Airport
Escadron de transport 60,F-RARF,3b76ae,2022-07-08,2022-07-08 08:48:56.060000+00:00,2022-07-08 11:13:06.060000+00:00,144.17,2h24min,Trondheim Airport VÃ¦rnes,Évreux-Fauville (BA 105) Air Base,ENVA,LFOE,63.45759,10.930298,49.016968,1.204975,7.5,output/F-RARF/2022-07-08/leg_1/F-RARF_baro_2022-07-08_leg_1.csv,Trondheim Airport VÃ¦rnes - Évreux-Fauville (BA 105) Air Base
Escadron de transport 60,F-RAFA,3b770d,2022-07-08,2022-07-08 00:14:24.235000+00:00,2022-07-08 01:08:53.935000+00:00,54.48,54min,NÃ®mes-Arles-Camargue Airport,Villacoublay-Velizy (BA 107) Air Base,LFTW,LFPV,43.768021,4.414843,48.774536,2.20966,2.8,output/F-RAFA/2022-07-08/leg_1/F-RAFA_baro_2022-07-08_leg_1.csv,NÃ®mes-Arles-Camargue Airport - Villacoublay-Velizy (BA 107) Air Base
Escadron de transport 60,F-RAFA,3b770d,2022-07-07,2022-07-07 20:04:03.500000+00:00,2022-07-07 20:57:56.300000+00:00,53.87,54min,Villacoublay-Velizy (BA 107) Air Base,NÃ®mes-Arles-Camargue Airport,LFPV,LFTW,48.774409,2.20312,43.714832,4.419381,2.8,output/F-RAFA/2022-07-07/leg_1/F-RAFA_baro_2022-07-07_leg_1.csv,Villacoublay-Velizy (BA 107) Air Base - NÃ®mes-Arles-Camargue Airport
Escadron de transport 60,F-RAFB,3b76b3,2022-07-07,2022-07-07 14:25:05.500000+00:00,2022-07-07 15:15:01.300000+00:00,49.92,50min,Bordeaux-Merignac Airport,Villacoublay-Velizy (BA 107) Air Base,LFBD,LFPV,44.827606,-0.716793,48.774176,2.18946,2.6,output/F-RAFB/2022-07-07/leg_4/F-RAFB_baro_2022-07-07_leg_4.csv,Bordeaux-Merignac Airport - Villacoublay-Velizy (BA 107) Air Base
Escadron de transport 60,F-RAFP,3b77e5,2022-07-07,2022-07-07 13:43:58.500000+00:00,2022-07-07 16:21:27+00:00,157.47,2h37min,St. John's International Airport,Westchester County Airport,CYYT,KHPN,47.608415,-52.728389,41.074808,-73.712769,6.8,output/F-RAFP/2022-07-07/leg_2/F-RAFP_baro_2022-07-07_leg_2.csv,St. John's International Airport - Westchester County Airport
Escadron de transport 60,F-RAFB,3b76b3,2022-07-07,2022-07-07 13:05:27.100000+00:00,2022-07-07 13:48:20.600000+00:00,42.88,43min,Orange-Caritat (BA 115) Air Base,Bordeaux-Merignac Airport,LFMO,LFBD,44.109875,4.759304,44.822357,-0.724294,2.2,output/F-RAFB/2022-07-07/leg_3/F-RAFB_baro_2022-07-07_leg_3.csv,Orange-Caritat (BA 115) Air Base - Bordeaux-Merignac Airport
Escadron de transport 60,F-RAFD,3b76a4,2022-07-07,2022-07-07 11:43:23.200000+00:00,2022-07-07 12:21:11.100000+00:00,37.78,38min,Épinal-Mirecourt Airport,Villacoublay-Velizy (BA 107) Air Base,LFSG,LFPV,47.795322,6.319251,48.774316,2.199217,2.0,output/F-RAFD/2022-07-07/leg_5/F-RAFD_baro_2022-07-07_leg_5.csv,Épinal-Mirecourt Airport - Villacoublay-Velizy (BA 107) Air Base
Escadron de transport 60,F-RAFB,3b76b3,2022-07-07,2022-07-07 11:04:15.300000+00:00,2022-07-07 11:49:21.400000+00:00,45.1,45min,Bordeaux-Merignac Airport,Avignon-Caumont Airport,LFBD,LFMV,44.828384,-0.715681,43.930043,4.97066,2.3,output/F-RAFB/2022-07-07/leg_2/F-RAFB_baro_2022-07-07_leg_2.csv,Bordeaux-Merignac Airport - Avignon-Caumont Airport
Escadron de transport 60,F-RAFD,3b76a4,2022-07-07,2022-07-07 10:26:31.800000+00:00,2022-07-07 11:03:40.700000+00:00,37.13,37min,Évreux-Fauville (BA 105) Air Base,Épinal-Mirecourt Airport,LFOE,LFSG,49.027222,1.218074,47.818552,6.23946,1.9,output/F-RAFD/2022-07-07/leg_4/F-RAFD_baro_2022-07-07_leg_4.csv,Évreux-Fauville (BA 105) Air Base - Épinal-Mirecourt Airport
Escadron de transport 60,F-RAFB,3b76b3,2022-07-07,2022-07-07 09:25:17+00:00,2022-07-07 10:10:59.300000+00:00,45.7,46min,Villacoublay-Velizy (BA 107) Air Base,Bordeaux-Merignac Airport,LFPV,LFBD,48.774261,2.19635,44.822264,-0.724428,2.4,output/F-RAFB/2022-07-07/leg_1/F-RAFB_baro_2022-07-07_leg_1.csv,Villacoublay-Velizy (BA 107) Air Base - Bordeaux-Merignac Airport
Escadron de transport 60,F-RAFD,3b76a4,2022-07-07,2022-07-07 08:53:39.400000+00:00,2022-07-07 09:41:11.700000+00:00,47.53,48min,Épinal-Mirecourt Airport,Évreux-Fauville (BA 105) Air Base,LFSG,LFOE,47.796439,6.316012,49.014221,1.201524,2.5,output/F-RAFD/2022-07-07/leg_3/F-RAFD_baro_2022-07-07_leg_3.csv,Épinal-Mirecourt Airport - Évreux-Fauville (BA 105) Air Base
Escadron de transport 60,F-RARF,3b76ae,2022-07-07,2022-07-07 08:22:49.900000+00:00,2022-07-07 13:25:59.900000+00:00,303.17,5h03min,Évreux-Fauville (BA 105) Air Base,Trondheim Airport VÃ¦rnes,LFOE,ENVA,49.021462,1.210664,63.457581,10.925903,15.8,output/F-RARF/2022-07-07/leg_1/F-RARF_baro_2022-07-07_leg_1.csv,Évreux-Fauville (BA 105) Air Base - Trondheim Airport VÃ¦rnes
Escadron de transport 60,F-RAFP,3b77e5,2022-07-07,2022-07-07 07:31:31.200000+00:00,2022-07-07 12:55:01.300000+00:00,323.5,5h24min,Villacoublay-Velizy (BA 107) Air Base,St. John's International Airport,LFPV,CYYT,48.774409,2.205216,47.646698,-52.778732,14.0,output/F-RAFP/2022-07-07/leg_1/F-RAFP_baro_2022-07-07_leg_1.csv,Villacoublay-Velizy (BA 107) Air Base - St. John's International Airport
Escadron de transport 60,F-RAFD,3b76a4,2022-07-07,2022-07-07 07:15:48.200000+00:00,2022-07-07 08:22:51.200000+00:00,67.05,1h07min,Biarritz-Anglet-Bayonne Airport,Épinal-Mirecourt Airport,LFBZ,LFSG,43.467957,-1.559739,47.811493,6.267906,3.5,output/F-RAFD/2022-07-07/leg_2/F-RAFD_baro_2022-07-07_leg_2.csv,Biarritz-Anglet-Bayonne Airport - Épinal-Mirecourt Airport
Escadron de transport 60,F-RAFD,3b76a4,2022-07-07,2022-07-07 05:40:21.100000+00:00,2022-07-07 06:39:57.400000+00:00,59.6,60min,Villacoublay-Velizy (BA 107) Air Base,Biarritz-Anglet-Bayonne Airport,LFPV,LFBZ,48.774536,2.210083,43.468964,-1.463673,3.1,output/F-RAFD/2022-07-07/leg_1/F-RAFD_baro_2022-07-07_leg_1.csv,Villacoublay-Velizy (BA 107) Air Base - Biarritz-Anglet-Bayonne Airport
Escadron de transport 60,F-RAFD,3b76a4,2022-07-06,2022-07-06 12:04:37.100000+00:00,2022-07-06 12:20:57.900000+00:00,16.33,16min,Orleans   Saint-Denis-de-l'Hôtel Airport,Villacoublay-Velizy (BA 107) Air Base,LFOZ,LFPV,47.988048,1.761968,48.774536,2.210153,0.8,output/F-RAFD/2022-07-06/leg_2/F-RAFD_baro_2022-07-06_leg_2.csv,Orleans   Saint-Denis-de-l'Hôtel Airport - Villacoublay-Velizy (BA 107) Air Base
Escadron de transport 60,F-RAFD,3b76a4,2022-07-06,2022-07-06 06:21:33+00:00,2022-07-06 06:43:03+00:00,21.5,22min,Villacoublay-Velizy (BA 107) Air Base,Orleans   Saint-Denis-de-l'Hôtel Airport,LFPV,LFOZ,48.774353,2.201914,47.982971,1.741951,1.1,output/F-RAFD/2022-07-06/leg_1/F-RAFD_baro_2022-07-06_leg_1.csv,Villacoublay-Velizy (BA 107) Air Base - Orleans   Saint-Denis-de-l'Hôtel Airport
Escadron de transport 60,F-RAFC,3b76a5,2022-07-06,2022-07-06 03:53:18.500000+00:00,2022-07-06 05:50:47.400000+00:00,117.47,1h57min,A/C in cruise,Villacoublay-Velizy (BA 107) Air Base,A/C in cruise,LFPV,36.087845,6.621265,48.774409,2.202976,6.1,output/F-RAFC/2022-07-06/leg_1/F-RAFC_baro_2022-07-06_leg_1.csv,A/C in cruise - Villacoublay-Velizy (BA 107) Air Base
Escadron de transport 60,F-RAFQ,3b77e4,2022-07-05,2022-07-05 21:03:14+00:00,2022-07-05 22:18:03.700000+00:00,74.82,1h15min,Bordeaux-Merignac Airport,Villacoublay-Velizy (BA 107) Air Base,LFBD,LFPV,44.536247,-1.120404,48.774399,2.202125,3.2,output/F-RAFQ/2022-07-05/leg_4/F-RAFQ_baro_2022-07-05_leg_4.csv,Bordeaux-Merignac Airport - Villacoublay-Velizy (BA 107) Air Base
SECURITE CIVILE,F-ZBFS,3b7b6e,2022-07-05,2022-07-05 18:24:58.088000+00:00,2022-07-05 18:48:42.588000+00:00,23.73,24min,Marseille Provence Airport,Marseille Provence Airport,LFML,LFML,43.382591,5.489672,43.38844,5.342155,0.0,output/F-ZBFS/2022-07-05/leg_2/F-ZBFS_baro_2022-07-05_leg_2.csv,Marseille Provence Airport - Marseille Provence Airport
SECURITE CIVILE,F-ZBFS,3b7b6e,2022-07-05,2022-07-05 17:47:40.288000+00:00,2022-07-05 17:48:57.588000+00:00,1.28,1min,Marseille Provence Airport,Marseille Provence Airport,LFML,LFML,43.315321,5.33503,43.290096,5.443819,0.0,output/F-ZBFS/2022-07-05/leg_1/F-ZBFS_baro_2022-07-05_leg_1.csv,Marseille Provence Airport - Marseille Provence Airport
Escadron de transport 60,F-RAFC,3b76a5,2022-07-05,2022-07-05 17:25:13.700000+00:00,2022-07-05 19:22:05.700000+00:00,116.87,1h57min,Villacoublay-Velizy (BA 107) Air Base,A/C in cruise,LFPV,A/C in cruise,48.774549,2.210203,35.057739,4.439317,6.1,output/F-RAFC/2022-07-05/leg_1/F-RAFC_baro_2022-07-05_leg_1.csv,Villacoublay-Velizy (BA 107) Air Base - A/C in cruise
Escadron de transport 60,F-RAFQ,3b77e4,2022-07-05,2022-07-05 17:21:52.500000+00:00,2022-07-05 18:24:39.900000+00:00,62.78,1h03min,Villacoublay-Velizy (BA 107) Air Base,Bordeaux-Merignac Airport,LFPV,LFBD,48.774269,2.197266,44.52681,-1.140616,2.7,output/F-RAFQ/2022-07-05/leg_3/F-RAFQ_baro_2022-07-05_leg_3.csv,Villacoublay-Velizy (BA 107) Air Base - Bordeaux-Merignac Airport
Escadron de transport 60,F-RAFQ,3b77e4,2022-07-05,2022-07-05 15:14:24+00:00,2022-07-05 15:42:24.200000+00:00,28.0,28min,Évreux-Fauville (BA 105) Air Base,Villacoublay-Velizy (BA 107) Air Base,LFOE,LFPV,49.025528,1.215891,48.774445,2.204872,1.2,output/F-RAFQ/2022-07-05/leg_2/F-RAFQ_baro_2022-07-05_leg_2.csv,Évreux-Fauville (BA 105) Air Base - Villacoublay-Velizy (BA 107) Air Base
Escadron de transport 60,F-RAFQ,3b77e4,2022-07-05,2022-07-05 14:28:05.900000+00:00,2022-07-05 15:05:43.200000+00:00,37.62,38min,Villacoublay-Velizy (BA 107) Air Base,Évreux-Fauville (BA 105) Air Base,LFPV,LFOE,48.774399,2.203111,49.019073,1.207721,1.6,output/F-RAFQ/2022-07-05/leg_1/F-RAFQ_baro_2022-07-05_leg_1.csv,Villacoublay-Velizy (BA 107) Air Base - Évreux-Fauville (BA 105) Air Base
Escadron de transport 60,F-RAFB,3b76b3,2022-07-05,2022-07-05 10:30:43.700000+00:00,2022-07-05 11:59:36.500000+00:00,88.87,1h29min,Solenzara (BA 126) Air Base,Villacoublay-Velizy (BA 107) Air Base,LFKS,LFPV,41.927307,9.405296,48.774445,2.205224,4.6,output/F-RAFB/2022-07-05/leg_3/F-RAFB_baro_2022-07-05_leg_3.csv,Solenzara (BA 126) Air Base - Villacoublay-Velizy (BA 107) Air Base
Escadron de transport 60,F-RARF,3b76ae,2022-07-05,2022-07-05 09:42:24.200000+00:00,2022-07-05 12:44:09.200000+00:00,181.75,3h02min,Lajes Airport,Évreux-Fauville (BA 105) Air Base,LPLA,LFOE,38.778625,-27.10757,49.013082,1.200112,9.5,output/F-RARF/2022-07-05/leg_1/F-RARF_baro_2022-07-05_leg_1.csv,Lajes Airport - Évreux-Fauville (BA 105) Air Base
Escadron de transport 60,F-RAFB,3b76b3,2022-07-05,2022-07-05 08:26:59.500000+00:00,2022-07-05 10:03:15.900000+00:00,96.27,1h36min,Brest Bretagne Airport,Solenzara (BA 126) Air Base,LFRB,LFKS,48.273651,-5.020329,41.945102,9.404872,5.0,output/F-RAFB/2022-07-05/leg_2/F-RAFB_baro_2022-07-05_leg_2.csv,Brest Bretagne Airport - Solenzara (BA 126) Air Base
Escadron de transport 60,F-RAFB,3b76b3,2022-07-05,2022-07-05 07:10:08.700000+00:00,2022-07-05 08:12:57.800000+00:00,62.82,1h03min,Villacoublay-Velizy (BA 107) Air Base,Brest Bretagne Airport,LFPV,LFRB,48.774216,2.195928,48.483644,-4.531282,3.3,output/F-RAFB/2022-07-05/leg_1/F-RAFB_baro_2022-07-05_leg_1.csv,Villacoublay-Velizy (BA 107) Air Base - Brest Bretagne Airport
Escadron de transport 60,F-RAFP,3b77e5,2022-07-04,2022-07-04 15:00:36.390000+00:00,2022-07-04 16:21:28.390000+00:00,80.87,1h21min,Vannes-Meucon Airport,Villacoublay-Velizy (BA 107) Air Base,LFRV,LFPV,48.035858,-2.954407,48.774781,2.223503,3.5,output/F-RAFP/2022-07-04/leg_3/F-RAFP_baro_2022-07-04_leg_3.csv,Vannes-Meucon Airport - Villacoublay-Velizy (BA 107) Air Base
Escadron de transport 60,F-RAFP,3b77e5,2022-07-04,2022-07-04 14:00:55.590000+00:00,2022-07-04 14:56:08.790000+00:00,55.22,55min,Tours-Val-de-Loire Airport,Vannes-Meucon Airport,LFOT,LFRV,47.456468,0.73207,48.07869,-2.88501,2.4,output/F-RAFP/2022-07-04/leg_2/F-RAFP_baro_2022-07-04_leg_2.csv,Tours-Val-de-Loire Airport - Vannes-Meucon Airport
Escadron de transport 60,F-RAFP,3b77e5,2022-07-04,2022-07-04 12:07:11.990000+00:00,2022-07-04 13:14:52.190000+00:00,67.67,1h08min,Villacoublay-Velizy (BA 107) Air Base,Tours-Val-de-Loire Airport,LFPV,LFOT,48.774399,2.204801,47.415642,0.720943,2.9,output/F-RAFP/2022-07-04/leg_1/F-RAFP_baro_2022-07-04_leg_1.csv,Villacoublay-Velizy (BA 107) Air Base - Tours-Val-de-Loire Airport
Escadron de transport 60,F-RARF,3b76ae,2022-07-04,2022-07-04 10:56:47.795000+00:00,2022-07-04 15:05:13.795000+00:00,248.43,4h08min,Stavanger Airport Sola,Lajes Airport,ENZV,LPLA,58.885529,5.637543,38.760929,-27.089783,12.9,output/F-RARF/2022-07-04/leg_2/F-RARF_baro_2022-07-04_leg_2.csv,Stavanger Airport Sola - Lajes Airport
Escadron de transport 60,F-RAFD,3b76a4,2022-07-04,2022-07-04 10:33:51.201000+00:00,2022-07-04 11:24:09.401000+00:00,50.3,50min,Orange-Caritat (BA 115) Air Base,Villacoublay-Velizy (BA 107) Air Base,LFMO,LFPV,44.302689,4.826202,48.774549,2.210854,2.6,output/F-RAFD/2022-07-04/leg_4/F-RAFD_baro_2022-07-04_leg_4.csv,Orange-Caritat (BA 115) Air Base - Villacoublay-Velizy (BA 107) Air Base
Escadron de transport 60,F-RAFD,3b76a4,2022-07-04,2022-07-04 09:11:42.101000+00:00,2022-07-04 09:49:34.001000+00:00,37.85,38min,Bordeaux-Merignac Airport,Orange-Caritat (BA 115) Air Base,LFBD,LFMO,44.836807,-0.703714,44.08223,4.677557,2.0,output/F-RAFD/2022-07-04/leg_3/F-RAFD_baro_2022-07-04_leg_3.csv,Bordeaux-Merignac Airport - Orange-Caritat (BA 115) Air Base
Escadron de transport 60,F-RARF,3b76ae,2022-07-04,2022-07-04 08:33:38.195000+00:00,2022-07-04 10:15:55.095000+00:00,102.27,1h42min,Évreux-Fauville (BA 105) Air Base,Stavanger Airport Sola,LFOE,ENZV,49.021088,1.210327,58.873312,5.637904,5.3,output/F-RARF/2022-07-04/leg_1/F-RARF_baro_2022-07-04_leg_1.csv,Évreux-Fauville (BA 105) Air Base - Stavanger Airport Sola
Escadron de transport 60,F-RAFD,3b76a4,2022-07-04,2022-07-04 07:53:37.801000+00:00,2022-07-04 08:42:01.101000+00:00,48.38,48min,Orange-Caritat (BA 115) Air Base,Bordeaux-Merignac Airport,LFMO,LFBD,44.10498,4.768386,44.828827,-0.715049,2.5,output/F-RAFD/2022-07-04/leg_2/F-RAFD_baro_2022-07-04_leg_2.csv,Orange-Caritat (BA 115) Air Base - Bordeaux-Merignac Airport
Escadron de transport 60,F-RAFD,3b76a4,2022-07-04,2022-07-04 06:28:47.501000+00:00,2022-07-04 07:13:29.201000+00:00,44.68,45min,Villacoublay-Velizy (BA 107) Air Base,Orange-Caritat (BA 115) Air Base,LFPV,LFMO,48.774223,2.194808,44.33961,4.824807,2.3,output/F-RAFD/2022-07-04/leg_1/F-RAFD_baro_2022-07-04_leg_1.csv,Villacoublay-Velizy (BA 107) Air Base - Orange-Caritat (BA 115) Air Base
Escadron de transport 60,F-RAFQ,3b77e4,2022-07-02,2022-07-02 10:25:37.799000+00:00,2022-07-02 11:00:21.899000+00:00,34.73,35min,Valenciennes-Denain Airport,Villacoublay-Velizy (BA 107) Air Base,LFAV,LFPV,50.32695,3.405039,48.774399,2.202829,1.5,output/F-RAFQ/2022-07-02/leg_2/F-RAFQ_baro_2022-07-02_leg_2.csv,Valenciennes-Denain Airport - Villacoublay-Velizy (BA 107) Air Base
Escadron de transport 60,F-RAFQ,3b77e4,2022-07-02,2022-07-02 06:34:17.999000+00:00,2022-07-02 07:39:20.099000+00:00,65.03,1h05min,Marseille Provence Airport,Valenciennes-Denain Airport,LFML,LFAV,43.617957,5.102757,50.350947,3.359218,2.8,output/F-RAFQ/2022-07-02/leg_1/F-RAFQ_baro_2022-07-02_leg_1.csv,Marseille Provence Airport - Valenciennes-Denain Airport
Escadron de transport 60,F-RAFC,3b76a5,2022-07-02,2022-07-02 06:06:12.933000+00:00,2022-07-02 20:01:37.533000+00:00,835.4,13h55min,Villacoublay-Velizy (BA 107) Air Base,Villacoublay-Velizy (BA 107) Air Base,LFPV,LFPV,48.774549,2.210059,48.774536,2.210083,43.4,output/F-RAFC/2022-07-02/leg_1/F-RAFC_baro_2022-07-02_leg_1.csv,Villacoublay-Velizy (BA 107) Air Base - Villacoublay-Velizy (BA 107) Air Base
Escadron de transport 60,F-RAFQ,3b77e4,2022-07-01,2022-07-01 16:20:43.458000+00:00,2022-07-01 17:17:18.758000+00:00,56.58,57min,Villacoublay-Velizy (BA 107) Air Base,Marseille Provence Airport,LFPV,LFML,48.774455,2.207023,43.582306,5.120715,2.5,output/F-RAFQ/2022-07-01/leg_1/F-RAFQ_baro_2022-07-01_leg_1.csv,Villacoublay-Velizy (BA 107) Air Base - Marseille Provence Airport
Escadron de transport 60,F-RAFB,3b76b3,2022-07-01,2022-07-01 16:02:29.705000+00:00,2022-07-01 16:49:03.506000+00:00,46.55,47min,EuroAirport Basel-Mulhouse-Freiburg Airport,Villacoublay-Velizy (BA 107) Air Base,LFSB,LFPV,47.590118,7.530441,48.774536,2.209731,2.4,output/F-RAFB/2022-07-01/leg_1/F-RAFB_baro_2022-07-01_leg_1.csv,EuroAirport Basel-Mulhouse-Freiburg Airport - Villacoublay-Velizy (BA 107) Air Base
Escadron de transport 60,F-RAFP,3b77e5,2022-07-01,2022-07-01 14:26:51.198000+00:00,2022-07-01 15:16:59.898000+00:00,50.13,50min,EuroAirport Basel-Mulhouse-Freiburg Airport,Villacoublay-Velizy (BA 107) Air Base,LFSB,LFPV,47.590632,7.534086,48.774409,2.205144,2.2,output/F-RAFP/2022-07-01/leg_3/F-RAFP_baro_2022-07-01_leg_3.csv,EuroAirport Basel-Mulhouse-Freiburg Airport - Villacoublay-Velizy (BA 107) Air Base
Escadron de transport 60,F-RAFP,3b77e5,2022-07-01,2022-07-01 13:04:10.097000+00:00,2022-07-01 13:27:37.097000+00:00,23.45,23min,Épinal-Mirecourt Airport,EuroAirport Basel-Mulhouse-Freiburg Airport,LFSG,LFSB,47.763565,6.304985,47.607651,7.516846,1.0,output/F-RAFP/2022-07-01/leg_2/F-RAFP_baro_2022-07-01_leg_2.csv,Épinal-Mirecourt Airport - EuroAirport Basel-Mulhouse-Freiburg Airport
Escadron de transport 60,F-RAFD,3b76a4,2022-07-01,2022-07-01 12:49:38.346000+00:00,2022-07-01 13:57:22.146000+00:00,67.72,1h08min,Bordeaux-Merignac Airport,Villacoublay-Velizy (BA 107) Air Base,LFBD,LFPV,44.836761,-0.703779,48.774549,2.210203,3.5,output/F-RAFD/2022-07-01/leg_4/F-RAFD_baro_2022-07-01_leg_4.csv,Bordeaux-Merignac Airport - Villacoublay-Velizy (BA 107) Air Base
Escadron de transport 60,F-RAFP,3b77e5,2022-07-01,2022-07-01 12:10:04.297000+00:00,2022-07-01 12:51:56.597000+00:00,41.87,42min,Villacoublay-Velizy (BA 107) Air Base,Épinal-Mirecourt Airport,LFPV,LFSG,48.77449,2.2079,47.750306,6.416227,1.8,output/F-RAFP/2022-07-01/leg_1/F-RAFP_baro_2022-07-01_leg_1.csv,Villacoublay-Velizy (BA 107) Air Base - Épinal-Mirecourt Airport
Escadron de transport 60,F-RAFD,3b76a4,2022-07-01,2022-07-01 11:29:01.346000+00:00,2022-07-01 12:07:44.445000+00:00,38.72,39min,Orleans   Saint-Denis-de-l'Hôtel Airport,Bordeaux-Merignac Airport,LFOZ,LFBD,47.985718,1.752251,44.829437,-0.714242,2.0,output/F-RAFD/2022-07-01/leg_3/F-RAFD_baro_2022-07-01_leg_3.csv,Orleans   Saint-Denis-de-l'Hôtel Airport - Bordeaux-Merignac Airport
Escadron de transport 60,F-RAFD,3b76a4,2022-07-01,2022-07-01 09:58:30.445000+00:00,2022-07-01 10:58:51.945000+00:00,60.35,1h00min,Épinal-Mirecourt Airport,Orleans   Saint-Denis-de-l'Hôtel Airport,LFSG,LFOZ,48.548813,5.941561,47.994705,1.788236,3.1,output/F-RAFD/2022-07-01/leg_2/F-RAFD_baro_2022-07-01_leg_2.csv,Épinal-Mirecourt Airport - Orleans   Saint-Denis-de-l'Hôtel Airport
Escadron de transport 60,F-RAFD,3b76a4,2022-07-01,2022-07-01 08:48:26.846000+00:00,2022-07-01 09:22:43.245000+00:00,34.27,34min,Villacoublay-Velizy (BA 107) Air Base,Nancy-Essey Airport,LFPV,LFSN,48.774223,2.193869,48.65328,5.992175,1.8,output/F-RAFD/2022-07-01/leg_1/F-RAFD_baro_2022-07-01_leg_1.csv,Villacoublay-Velizy (BA 107) Air Base - Nancy-Essey Airport
Escadron de transport 60,F-RARF,3b76ae,2022-07-01,2022-07-01 08:41:40.852000+00:00,2022-07-01 09:09:33.652000+00:00,27.87,28min,Paris-Orly Airport,Évreux-Fauville (BA 105) Air Base,LFPO,LFOE,48.730603,2.346954,49.044022,1.239413,1.4,output/F-RARF/2022-07-01/leg_1/F-RARF_baro_2022-07-01_leg_1.csv,Paris-Orly Airport - Évreux-Fauville (BA 105) Air Base
